Indicator (italics indicate national -level data),Unit ,Source,"Year of source consulted(* indicates year of creation of institution, if available)","Maputo, Mozambique","Ibadan, Nigeria","Kano, Nigeria","Johannesburg, South Africa","Cape Town, South Africa","Durban, South Africa","Al-Khartum (Khartoum), Sudan","Lusaka, Zambia ","Harare, Zimbabwe","Cotonou, Benin","Douala, Cameroon","Yaoundé, Cameroon","Abidjan, Cote d'Ivoire ","Addis Ababa, Ethiopia","Accra, Ghana","Kumasi, Ghana","Conakry, Guinea","Nairobi, Kenya","Lagos, Nigeria","Dakar, Senegal","Kampala, Uganda","Luanda, Angola","Ouagadougou, Burkina Faso","Kinshasa, Democratic Republic of the Congo","Lubumbashi, Democratic Republic of the Congo","Mbuji-Mayi, Democratic Republic of the Congo","Brazzaville, Congo","Blantyre, Malawi","Lilongwe, Malawi","Abuja, Nigeria","Dar es Salaam, Tanzania"
,,,,,,,,,,,,,,,,,,,,,,,,,,,,,,,,,,
Annual city growth rate 1995-2010,% of growth from previous year,UNDESA 2012 World Urbanization Prospects: The 2011 Revision,2012,1.37,2.39,2.23,2.38,2.52,2.33,2.53,4.3,1.3,2.82,4.56,5.45,3.29,2.06,3.7,5.04,3.3,4.08,3.93,3.66,3.72,5.87,7.02,4.18,4.06,4.47,4.19,,4.75,8.93,4.77
Share of city in national population ,% of national population ,UNDESA 2010 World Urbanization Prospects: The 2009 Revision.,2010,6.9,1.7,2.1,7.3,6.7,5.7,11.9,10.9,12.8,21.8,42.9,8.9,19,3.5,9.5,7.5,15.9,8.5,6.6,22.2,4.7,24.4,11.3,12.7,2.3,2.2,35.1,5.7,5.4,1.2,7.4
"Projection, Share of city in national population in 2025",% of national population ,UNDESA 2010 World Urbanization Prospects: The 2009 Revision.,2010,9.8,1.6,2.2,7.6,7.1,6,13.07,10.8,14.8,21.2,11.8,10.07,23.3,4.3,10.4,8.2,20.3,10.5,6.8,24.1,6.09,29.08,17,15.7,2.8,2.7,33.7,7.2,7.3,1.4,8.7
City density ,(Population/km2) ,Demographia 2011 Demographia World Urban Areas.,2011,7000,7900,15600,2900,5000,3500,6400,8200,2800,4400,11000,9100,12900,13100,3900,5200,10500,7700,10700,14000,3300,9990,5600,15300,9300,29689,10540,8500,1479,9100,6600
Solid waste collected (public and private collection),% of city population ,"Andersen, J. 2009 Meanings and perceptions of the built environment in peri-urban areas of Maputo, Mozambique, African Perspectives 2009, The African Inner City.",2009,70,,,,,,,,,,,,,,,,,,,,,,,,,,,,,,
Solid waste collected (public and private collection),% of city population ,"Adenji, G. and B. Ogundiji 2009 Climate Adaptation in Nigerian Cities: Regularising Informal and Illegal Settlements in Ibadan, World Bank 2009 Urban Symposium, June 28-30, Marseille, France.",2009,,70,,,,,,,,,,,,,,,,,,,,,,,,,,,,,
Solid waste collected (public and private collection),% of city population ,"Iliyas, M.H. 2000 Strengthening the Capacity of Water Utilities to Deliver Water and sanitation Services, Environmental Health and Hygiene to Low Income Communities, Case Study for Kano (town), Nigeria, Context and Practices, Water Utilities Project No.5, MIT.",2000,,,50,,,,,,,,,,,,,,,,,,,,,,,,,,,,
Solid waste collected (public and private collection),% of city population ,"UN-Habitat 2008 The State of African Cities: a Framework for Addressing urban challenges in Africa, Nairobi: UN-Habitat.",2008,,,,56.3,,,,,,,,,,,,,,,,,,,,,,,,,,,
Solid waste collected (public and private collection),% of city population ,"City of Cape Town 2009 Water Services Development Plan for City of Cape Town 2010/2011 - 2012/2014, Final Report.",2009,,,,,30,,,,,,,,,,,,,,,,,,,,,,,,,,
Solid waste collected (public and private collection),% of city population ,Durban Metro Water Services 1999 Draft Water Services Development Plan: Volume 1: Status Quo Report.,1999,,,,,,25,,,,,,,,,,,,,,,,,,,,,,,,,
Solid waste collected (public and private collection),% of city population , UNEP 2007 Sudan: Post-conflict environmental assessment.,2007,,,,,,,58,,,,,,,,,,,,,,,,,,,,,,,,
Solid waste collected (public and private collection),% of city population ,UN-Habitat 2007 Zambia: Lusaka Urban Profile,2007,,,,,,,,70,,,,,,,,,,,,,,,,,,,,,,,
Solid waste collected (public and private collection),% of city population ,"The World Bank 2010 Republique du Benin: Analyse environnementale Pays, Rapport No: 58190-BJ",2010,,,,,,,,,,20,,,,,,,,,,,,,,,,,,,,,
Solid waste collected (public and private collection),% of city population ,"UN-Habitat 2007 Profile Urbain de Yaounde, Nairobi:Kenya",2007,,,,,,,,,,,,70,,,,,,,,,,,,,,,,,,,
Solid waste collected (public and private collection),% of city population ,Republique de Cote d'Ivoire 2009 Strategie de Relance  du Developpement et de Reduction de la Pauvrete,2009,,,,,,,,,,,,,14,,,,,,,,,,,,,,,,,,
Solid waste collected (public and private collection),% of city population ,UN-Habitat 2008 Ethiopia: Addis Ababa Urban Profile. ,2008,,,,,,,,,,,,,,69,,,,,,,,,,,,,,,,,
Solid waste collected (public and private collection),% of city population ,"Adank, M. et al. 2011 Towards integrated urban water management in the Greater Accra Metropolitan Area: current status and strategic directions for the future, SWITCH/RCN Ghana.",2011,,,,,,,,,,,,,,,60,,,,,,,,,,,,,,,,
Solid waste collected (public and private collection),% of city population ,"Bah, A.K. et al. 2007 Approvisionnement en eau des menages de Conakry, Afrique Contemporaine, 221, 225/245.",2007,,,,,,,,,,,,,,,,,41,,,,,,,,,,,,,,
Solid waste collected (public and private collection),% of city population ,UNEP and UN-Habitat 2007 City of Nairobi Environment Outlook,2007,,,,,,,,,,,,,,,,,,60,,,,,,,,,,,,,
Solid waste collected (public and private collection),% of city population ,"The World Bank 2006  Project Appraisal Document to the Federal Republic of Nigeria for the Lagos Metropolitan Development and Governance Project, Report No.36433-NG",2006,,,,,,,,,,,,,,,,,,,70,,,,,,,,,,,,
Solid waste collected (public and private collection),% of city population ,UN-Habitat 2008 Senegal: Profil Urbain de Dakar. ,2008,,,,,,,,,,,,,,,,,,,,30,,,,,,,,,,,
Solid waste collected (public and private collection),% of city population ,UN-Habitat 2007 Situation Analysis of Informal Settlements in Kampala: Kivulu (Kagugube) and Kinawataka (Mbuyu 1) Parishes,2007,,,,,,,,,,,,,,,,,,,,,60,,,,,,,,,,
Solid waste collected (public and private collection),% of city population ,"Development Workshop Angola 2011 Poverty and Environmental Vulnerability in Angola’s growing slums: comparative analysis of Luanda, Huambo and Cachiungo, Final Report.",2011,,,,,,,,,,,,,,,,,,,,,,80,,,,,,,,,
Solid waste collected (public and private collection),% of city population ,"Rossier, C. and A. Soura 2011 Poverty and Health at the Periphery of Ouagadougou, Conference Paper, New Approaches to Urban Health and Mortality during the Health Transition, Sevilla, Spain, 14/17 December 2011.",2011,,,,,,,,,,,,,,,,,,,,,,,33,,,,,,,,
Solid waste collected (public and private collection),% of city population ,"UNDP 2004 Reducing disaster risk: a challenge for development, New York: UNDP.",2004,,,,,,,,,,,,,,,,,,,,,,,,60,,,,,,,
Solid waste collected (public and private collection),% of city population ,UN-Habitat 2011 Malawi: Blantyre Urban Profile,2011,,,,,,,,,,,,,,,,,,,,,,,,,,,,65,,,
Solid waste collected (public and private collection),% of city population ,UN-Habitat 2011 Malawi: Lilongwe Urban Profile,2011,,,,,,,,,,,,,,,,,,,,,,,,,,,,,76,,
Solid waste collected (public and private collection),% of city population ,Occupation of the housing stock according to National 2002 Census. UN-Habitat 2009 Tanzania: Dar Es Salaam City Profile.,2009,,,,,,,,,,,,,,,,,,,,,,,,,,,,,,,65
Solid waste collected (public and private collection),% of solid waste produced,"Goncalo Ferrao, D.A. 2006 An examinanation of solid waste collection and disposal in Maputo City, Mozambique, MPHil Dissertation, University Of Cape Town.",2010,70,,,,,,,,,,,,,,,,,,,,,,,,,,,,,,
Solid waste collected (public and private collection),% of solid waste produced,"Africa's urban transition: implications for water management. Waste Water, Drainage and Solid Waste Management",2009,,40,,,,,,,,,,,,,,,,,,,,,,,,,,,,,
Solid waste collected (public and private collection),% of solid waste produced,"Nabegu, A.B. 2010 An Analysis of Municipal Solid Waste in Kano Metropolis, Nigeria, Journal of Human Ecology, 31(2), 111-119.",2010,,,20,,,,,,,,,,,,,,,,,,,,,,,,,,,,
Solid waste collected (public and private collection),% of solid waste produced,"Republic of South Africa 2007 Assessment of the Status of Waste service delivery and capacity at the local government level, August 2007, Department of Environmental Affairs and Tourism.",2007,,,,94,100,,,,,,,,,,,,,,,,,,,,,,,,,,
Solid waste collected (public and private collection),% of solid waste produced,"Abou-Elseou, N.  2008 ""Waste management"" in Tolba, M.K. and N.W. Saab (eds.) Arab Environment Future Challenges, Report of the Arab Forum for Environment and Development, 111-126",2008,,,,,,,35,,,,,,,,,,,,,,,,,,,,,,,,
Solid waste collected (public and private collection),% of solid waste produced,"UN-Habitat 2010 Solid Waste Management n the World's Cities: Water and Sanitation in the World's cities 2010, London,Washington: Earthscan.",2010,,,,,,,,45,,,,,,,,,,60,,,,,,,,,,,,,
Solid waste collected (public and private collection),% of solid waste produced,"ILO 2007  Start your waste recycling business, Technical Handouts.",2002,,,,,,,,,54,,,,,,,,,,,,,,,,,,,,,,
Solid waste collected (public and private collection),% of solid waste produced,"World Bank 2010 Republique du Benin: Analyse environnementale Pays, Rapport No: 58190-BJ",2010,,,,,,,,,,39,,,,,,,,,,,,,,,,,,,,,
Solid waste collected (public and private collection),% of solid waste produced,"World Bank 2012 Africa's urban transition: implications for water management. Waste Water, Drainage and Solid Waste Management",2011,,,,,,,,,,,73,,,,,,,,,,,,,,,,,,,,
Solid waste collected (public and private collection),% of solid waste produced,"Parrot, L. et al. 2009 Municipal solid waste management in Africa: Strategies and livelihoods in Yaounde, Cameroon, Waste Management, 29, 986-995.",2009,,,,,,,,,,,,43,,,,,,,,30,,,,,,,,,,,65
Solid waste collected (public and private collection),% of solid waste produced,Republique de Cote d'Ivoire 2009 Strategie de Relance  du Developpement et de Reduction de la Pauvrete,2009,,,,,,,,,,,,,46,,,,,,,,,,,,,,,,,,
Solid waste collected (public and private collection),% of solid waste produced,"UN-Habitat 2011 Green Hills, Blue Cities. An ecosystems approach to water resources management for African cities",2011,,,,,,,,,,,,,,65,,,,,,,,,,,,,,,,,
Solid waste collected (public and private collection),% of solid waste produced,"Boadi, K.O. and M. Kuitunen 2004 Municipal solid waste management in the Accra Metropolitan Area, Ghana, The Environmentalist, 23, 211-218.",2004,,,,,,,,,,,,,,,60,,,,,,,,,,,,,,,,
Solid waste collected (public and private collection),% of solid waste produced,"The World Bank 2006 Ghana. Country Environmental Analysis, Report No:36985-GH",2006,,,,,,,,,,,,,,,,40,,,,,,,,,,,,,,,
Solid waste collected (public and private collection),% of solid waste produced,"Farvacque-Vitkovic, C. Conakry solid Waste management An Update,  http://siteresources.worldbank.org/INTUSWM/Resources/463617-1144078790304/Farvacque.pdf",2005,,,,,,,,,,,,,,,,,75,,,,,,,,,,,,,,
Solid waste collected (public and private collection),% of solid waste produced,"World Bank 2009 Lagos Metropolitan Development & Governance Project (LMDGP) Solid Waste Management Component, Environmental & Social Impact Assessment ESIA, Final Report.",2009,,,,,,,,,,,,,,,,,,,50,,,,,,,,,,,,
Solid waste collected (public and private collection),% of solid waste produced,"Republic of Uganda 2010 Value for Money Audit Report on Solid Waste Management in Kampala, Office of the Auditor General, March 2010.",2010,,,,,,,,,,,,,,,,,,,,,40,,,,,,,,,,
Solid waste collected (public and private collection),% of solid waste produced,"PNUD 2009 Province de Kinshasa, Profil Resume, Pauvrete et Conditions de Vie des Menages, Mars 2009.",2009,,,,,,,,,,,,,,,,,,,,,,,,15,,,,,,,
Solid waste collected (public and private collection),% of solid waste produced,"Republique Democratique du Congo 2005 Monographie de la Province du Katanga, Unite de Pilotage du processus DSRP, Ministere du Plan, Mars 2005",2005,,,,,,,,,,,,,,,,,,,,,,,,,12,0,,,,,
Solid waste collected (public and private collection),% of solid waste produced,"CICRED 2006 Brazzaville, Pauvrete et Problemes Environnementaux, Rapport Final.",2011,,,,,,,,,,,,,,,,,,,,,,,,,,,38,,,,
Solid waste collected (public and private collection),% of solid waste produced,"Hove, T. 2011  Waste management in developping countries: a case sstudy of Blantyre city, Malawi, EWB-UK National Research and Education Conference 2011 'Our Global Future' 4th March 2011.  ",2011,,,,,,,,,,,,,,,,,,,,,,,,,,,,25,,,
Solid waste collected (public and private collection),% of solid waste produced,"for FCT for hourseholds (Includes public and private collection, government bin or shed and disposal within compound)  National Bureau of Statistics 2009 Social Statistics of Nigeria, http://www.nigerianstat.gov.ng/ext/latest_release/ssd09.pdf",2009,,,,,,,,,,,,,,,,,,,,,,,,,,,,,,29,
Solid waste disposed of in controlled sites (landfill),% of solid waste produced,"Goncalo Ferrao, D.A. 2006 An examinanation of solid waste collection and disposal in Maputo City, Mozambique, MPHil Dissertation, University Of Cape Town.",2010,70,,,,,,,,,,,,,,,,,,,,,,,,,,,,,,
Solid waste disposed of in controlled sites (landfill),% of solid waste produced,"Republic of South Africa 2007 Assessment of the Status of Waste service delivery and capacity at the local government level, August 2007, Department of Environmental Affairs and Tourism.",2007,,,,94,100,,,,,,,,,,,,,,,,,,,,,,,,,,
Solid waste disposed of in controlled sites (landfill),% of solid waste produced,eThekwini Municipality 2004 Integrated Waste management plan for Ethekwini municipality.,2010,,,,,,100,,,,,,,,,,,,,,,,,,,,,,,,,
Solid waste disposed of in controlled sites (landfill),% of solid waste produced,"Abou-Elseou, N.  2008 ""Waste management"" in Tolba, M.K. and N.W. Saab (eds.) Arab Environment Future Challenges, Report of the Arab Forum for Environment and Development, 111-126",2008,,,,,,,35,,,,,,,,,,,,,,,,,,,,,,,,
Solid waste disposed of in controlled sites (landfill),% of solid waste produced,"UN-Habitat 2010 Solid Waste Management n the World's Cities: Water and Sanitation in the World's cities 2010, London,Washington: Earthscan.",2010,,,,,,,,26,,,,,,,,,,,,,,,,,,,,,,,
Solid waste disposed of in controlled sites (landfill),% of solid waste produced,"World Bank 2010 Republique du Benin: Analyse environnementale Pays, Rapport No: 58190-BJ",2010,,,,,,,,,,80,,,,,,,,,,,,,,,,,,,,,
Solid waste disposed of in controlled sites (landfill),% of solid waste produced,"World Bank 2006 Ghana. Country Environmental Analysis, Report No:36985-GH",2006,,,,,,,,,,,,,,,,40,,,,,,,,,,,,,,,
Solid waste disposed of in controlled sites (landfill),% of solid waste produced,"Evaluation des besoins et costing pour l'atteinte des objectifs du millenaire pour le developpement, 2006, http://www.gn.undp.org/Docs/OMD/Diagn-Ass-OMD-Guin%C3%A9e2006.pdf",2006,,,,,,,,,,,,,,,,,75,,,,,,,,,,,,,,
Solid waste disposed of in controlled sites (landfill),% of solid waste produced,"UN-Habitat 2010 Solid Waste Management n the World's Cities: Water and Sanitation in the World's cities 2010, London,Washington: Earthscan.",2010,,,,,,,,,,,,,,,,,,59,,,,,,,,,,,,,
Solid waste disposed of in controlled sites (landfill),% of solid waste produced,"World Bank 2009 Lagos Metropolitan Development & Governance Project (LMDGP) Solid Waste Management Component, Environmental & Social Impact Assessment ESIA, Final Report.",2009,,,,,,,,,,,,,,,,,,,40,,,,,,,,,,,,
Solid waste disposed of in controlled sites (landfill),% of solid waste produced,"Republic of Uganda 2010 Value for Money Audit Report on Solid Waste Management in Kampala, Office of the Auditor General, March 2010.",2010,,,,,,,,,,,,,,,,,,,,,40,,,,,,,,,,
Solid waste disposed of in controlled sites (landfill),% of solid waste produced,"Africa's urban transition: implications for water management. Waste Water, Drainage and Solid Waste Management",2009,,,,,,,,,,,,,,,,,,,,,,,60,,,,,,,,
Solid waste disposed of in controlled sites (landfill),% of solid waste produced,United Republic of Tanzania 2004 Dar es Salaam City Profile,2004,,,,,,,,,,,,,,,,,,,,,,,,,,,,,,,40
Unbundling of bulk water production and distribution,1= Yes; 0= No,"Banerjee et al, 2008 Ebbing Water, Surging Deficits: Urban Water Supply in Sub-Saharan Africa; Cross-country annex",2008,1,0,0,0,0,0,0,0,,1,,,0,0,0,0,,0,0,1,0,,0,0,0,0,,0,0,0,1
Separation of business lines water wastewater,1= Yes; 0= No,"Banerjee et al, 2008 Ebbing Water, Surging Deficits: Urban Water Supply in Sub-Saharan Africa; Cross-country annex",2008,0,1,1,1,1,1,1,0,,0,,,1,1,0,0,,0,1,0,0,,0,0,0,0,,1,1,1,0
Private de facto water and wastewater management ,1= Yes; 0= No,"Banerjee et al, 2008 Ebbing Water, Surging Deficits: Urban Water Supply in Sub-Saharan Africa; Cross-country annex",2008,0,1,1,1,1,1,1,0,,0,,,1,1,1,1,,0,1,1,0,,,0,0,0,,1,1,1,1
Existence of utility performance contract with government ,1= Yes; 0= No,"World Bank data, Water Operator Partnership database",2009,1,,,,1,,1,,,,1,1,1,1,1,,1,1,,1,,,,,1,1,,1,,,
Existence of water utility targets for access to services in informal settlements,1= Yes; 0= No,"Banerjee et al, 2008 Ebbing Water, Surging Deficits: Urban Water Supply in Sub-Saharan Africa; Cross-country annex",2008,,0,,1,,,,1,,1,,,,1,1,1,0,1,,0,1,,1,,,,,1,1,,1
Existence of River Basin Autority,1= Yes; 0= No,"Banerjee et al, 2008 Ebbing Water, Surging Deficits: Urban Water Supply in Sub-Saharan Africa; Cross-country annex",2008,0,0,,,0,0,,,,0,0,0,0,,,,0,,,,,,,,,,,,,,
Existence of River Basin Autority,1= Yes; 0= No,Lake Chad Basin Commission http://lakechad.iwlearn.org/about/partners/partnerprofile.2007-02-15.9132809202 ,*1964,,,1,,,,,,,,,,,,,,,,,,,,,,,,,,,,
Existence of River Basin Autority,1= Yes; 0= No,Orange-Senqu River Commission (ORASECOM) http://www.orasecom.org/,*2004,,,,1,,,,,,,,,,,,,,,,,,,,,,,,,,,
Existence of River Basin Autority,1= Yes; 0= No,Nile Basin Initiative nilebasin.org ,*1999,,,,,,,1,,,,,,,,,,,,,,,,,,,,,,,,
Existence of River Basin Autority,1= Yes; 0= No,"Zambezi River Basin Authority Website,  http://www.zaraho.org.zm/index.html",*1987,,,,,,,,1,1,,,,,,,,,,,,,,,,,,,1,1,,
Existence of River Basin Autority,1= Yes; 0= No,"Awash Basin Water Resources Administration Agency (Awash Valley Agency) in GMO/GWP 2003 Integrated Flood Management: Case Study Ethiopia: Integrated Flood Management, http://www.apfm.info/pdf/case_studies/cs_ethiopia.pdf ",*1998,,,,,,,,,,,,,,1,,,,,,,,,,,,,,,,,
Existence of River Basin Autority,1= Yes; 0= No,"Volta River Authority, http://www.vra.com/",*1961,,,,,,,,,,,,,,,1,,,,,,,,1,,,,,,,,
Existence of River Basin Autority,1= Yes; 0= No,"Tana and Athi Rivers Development Authority (TARDA), http://tarda.co.ke/",*1974,,,,,,,,,,,,,,,,,,1,,,,,,,,,,,,,
Existence of River Basin Autority,1= Yes; 0= No,"Ogun-Osun River Basin Development Authority, 1976, Akindele, S.T. and A. Adebo 2004 The political economy of River Basin and Rural Development Authority in Nigeria: a retrospective case study of Owena-River Basin and Rural Development authority (ORBRDA), Journal of Human Ecology, 16(1), 55-62.",*1976,,,,,,,,,,,,,,,,,,,1,,,,,,,,,,,,
Existence of River Basin Autority,1= Yes; 0= No,"Organisation pour la Mise en Valeur du Fleuve Senegal, http://www.omvs.org/fr/actualites/index.php",*1972,,,,,,,,,,,,,,,,,,,,1,,,,,,,,,,,
Existence of River Basin Autority,1= Yes; 0= No,Lake Victoria Basin Commission. http://www.lvbcom.org/,*2001,,,,,,,,,,,,,,,,,,,,,1,,,,,,,,,,
Existence of River Basin Autority,1= Yes; 0= No,"Commission Internationale du Bassin Congo-Oubangui-Sangha, CICOS, http://www.cicos.info/siteweb/index.php?id=109",*1999,,,,,,,,,,,,,,,,,,,,,,,,1,1,1,1,,,,
Existence of River Basin Autority,1= Yes; 0= No,"Autorite du Bassin du Niger, http://www.abn.ne/",*1980,,,,,,,,,,,,,,,,,,,,,,,,,,,,,,1,
Existence of River Basin Autority,1= Yes; 0= No,"Wami/Ruvu Basin Water Office,  http://wamiruvubasin.com/Background.html",*2002,,,,,,,,,,,,,,,,,,,,,,,,,,,,,,,1
Urban master plan,1= Yes; 0= No,"UN-Habitat 2009 Climate Change assessment for Maputo, Mozambique: A summary.",*2008,1,,,,,,,,,,,,,,,,,,,,,,,,,,,,,,
Urban master plan,1= Yes; 0= No,"Olujimi, J. 2009 Evolving a planning strategy for managing urban sprawl in Nigeria, Journal of Human Ecology, 25(3), 201-208.",*1992,,1,,,,,,,,,,,,,,,,,,,,,,,,,,,,,
Urban master plan,1= Yes; 0= No,"UN-Habitat 2008 The Sustainable Cities Nigeria Programme (1994-2006): Building platforms for environmentally sustainable urbanization, The SCP Documentation Series.",*1996,,,1,,,,,,,,,,,,,,,,,,,,,,,,,,,,
Urban master plan,1= Yes; 0= No,City of Johannesburg 2007 Spatial Development Framework (SDF) 2007/2008,*2007,,,,1,,,,,,,,,,,,,,,,,,,,,,,,,,,
Urban master plan,1= Yes; 0= No,"City of Cape Town 2007 5 Year Plan for Cape Town, Integrated Development Plan (IDP) 2007/8-2011/12.",*2009,,,,,1,,,,,,,,,,,,,,,,,,,,,,,,,,
Urban master plan,1= Yes; 0= No,ethekwini Municipality 2011 Integrated Development Plan,*2011,,,,,,1,,,,,,,,,,,,,,,,,,,,,,,,,
Urban master plan,1= Yes; 0= No,"Pantuliano, S. et al. 2011 City limits: urbanization and vulnerability in Sudan - Khartoum Case Study, Humanitarian Policy Group, ODI.",*2011,,,,,,,1,,,,,,,,,,,,,,,,,,,,,,,,
Urban master plan,1= Yes; 0= No,"JICA LUSAKA sustainable economic and environmental development (LUSEED)Master Plan, http://www.jica.go.jp/zambia/english/activities/pdf/03_LUSEED.pdf",*2012,,,,,,,,1,,,,,,,,,,,,,,,,,,,,,,,
Urban master plan,1= Yes; 0= No,"Cities Alliance (2008), Stratégie de Développement Urbain de l’Agglomération de Cotonou",*2008,,,,,,,,,,1,,,,,,,,,,,,,,,,,,,,,
Urban master plan,1= Yes; 0= No,Communaute Urbaine de Douala 2009 Strategie de Developpement de la ville de Douala et de son aire metropolitaine.,*2009,,,,,,,,,,,1,,,,,,,,,,,,,,,,,,,,
Urban master plan,1= Yes; 0= No,Cities Alliance Urban Development Strategy of Yaounde and its metropolitan areas of Yaounde-CDS,*2012,,,,,,,,,,,,1,,,,,,,,,,,,,,,,,,,
Urban master plan,1= Yes; 0= No,"Gbeleyi, A. 2011 Presentation at the PPP Forum, Lagos State Public-Private Partnership Office,  http://www.icrc.gov.ng/wp-content/uploads/2011/08/ICRC-PPP-Forum-June-2011v3-Ayo-Gbeleyi.pdf",*2004,,,,,,,,,,,,,,,,,,,1,,,,,,,,,,,,
Urban master plan,1= Yes; 0= No,"Diop, A.B. 2009 Strategie de developpement urbain du Grand Dakar, http://www.cifal-ouaga.org/niamey/exposes/Module3/Pr%C3%A9sentation%20SDU%20GRAND%20DAKAR.pdf",*2012,,,,,,,,,,,,,,,,,,,,1,,,,,,,,,,,
Urban master plan,1= Yes; 0= No,UN-Habitat 2007 Situation Analysis of Informal Settlements in Kampala: Kivulu (Kagugube) and Kinawataka (Mbuyu 1) Parishes,*2007,,,,,,,,,,,,,,,,,,,,,1,,,,,,,,,,
Urban master plan,1= Yes; 0= No,IWA waterwiki,2012,,,,,,,,,,,,,,,,,,,,,,0,,,,,,,,,
Urban master plan,1= Yes; 0= No,UN-Habitat 2007 Profil Urbain de Ouagadougou,*1999,,,,,,,,,,,,,,,,,,,,,,,1,,,,,,,,
Urban master plan,1= Yes; 0= No,JICA 2012 Development Study for Urban Rehabilitation Plan in Kinshasa,*2012,,,,,,,,,,,,,,,,,,,,,,,,1,,,,,,,
Urban master plan,1= Yes; 0= No,"Plan Urbain de Reference de Lubumbashi 2009 Atelier de restitution des recommandations et orientations, 15 Decembre 2009.",*2009,,,,,,,,,,,,,,,,,,,,,,,,,1,,,,,,
Urban master plan,1= Yes; 0= No,World Bank 2010 Project Appraisal Report to the Republic of Congo for a Water and Urban Development Project. Report 52995.,2010,,,,,,,,,,,,,,,,,,,,,,,,,,,1,,,,
Urban master plan,1= Yes; 0= No,Blantyre Urban Structure Plan. UN-Habitat 2011 Malawi: Blantyre Urban Profile,*2000,,,,,,,,,,,,,,,,,,,,,,,,,,,,1,,,
Urban master plan,1= Yes; 0= No,UN-Habitat 2011 Malawi: Lilongwe Urban Profile,*2010,,,,,,,,,,,,,,,,,,,,,,,,,,,,,1,,
Urban master plan,1= Yes; 0= No,"FCT website, http://www.fct.gov.ng/index5720.html?option=com_content&view=article&id=138&Itemid=146",*1979,,,,,,,,,,,,,,,,,,,,,,,,,,,,,,1,
Urban master plan,1= Yes; 0= No,"UN-Habitat and UNEP 2005 The Sustainable Dar Es Salaam Project 1992-2003, The SCP Documentation Series, Volume 3.",*1999,,,,,,,,,,,,,,,,,,,,,,,,,,,,,,,1
Existence of solid waste management plan ,1= Yes; 0= No,"Oresanya, O. 2008 the Lagos Megacity project: the Solid Waste Management Project, 28th October, http://www.lawma.gov.ng/md%20presentation/Lagos%20Megacity.pdf",*2006,1,,,,,,,,,,,,,,,,,,,,,,,,,,,,,,
Existence of solid waste management plan ,1= Yes; 0= No,City of Johannesburg 2011 Integrated Waste Management Policy,*2011,,,,1,,,,,,,,,,,,,,,,,,,,,,,,,,,
Existence of solid waste management plan ,1= Yes; 0= No,"2011/12 Solid Waste Management Sector Plan for City of Cape Town, http://www.capetown.gov.za/en/IDP/Statutory%20plans%202011%20%202012/AnnexureJ_Draft_Solid_Waste_Sector_Plan_2_2011_2012.pdf",*2006,,,,,1,,,,,,,,,,,,,,,,,,,,,,,,,,
Existence of solid waste management plan ,1= Yes; 0= No,Lusaka City Council 2003 Strategic Municipal Solid Waste Management plan for Lusaka City,*2003,,,,,,,,1,,,,,,,,,,,,,,,,,,,,,,,
Existence of solid waste management plan ,1= Yes; 0= No,"World Bank 2011 Emergency Project Paper on a Proposed Credit to the Republic of Benin for the Emergency Urban Environment Project, April 26, 2011, Report No: 60301-BJ",2011,,,,,,,,,,1,,,,,,,,,,,,,,,,,,,,,
Existence of solid waste management plan ,1= Yes; 0= No,Communaute Urbaine de Douala 2009 Strategie de Developpement de la ville de Douala et de son aire metropolitaine.,2009,,,,,,,,,,,0,,,,,,,,,,,,,,,,,,,,
Existence of solid waste management plan ,1= Yes; 0= No,L'Intelligent d'Abidjan http://www.lintelligentdabidjan.org/?p=2527,2012,,,,,,,,,,,,,0,,,,,,,,,,,,,,,,,,
Existence of solid waste management plan ,1= Yes; 0= No,"Overview of Addis Ababa City Solid Waste Management System, February 2010, http://www.un.org/esa/dsd/susdevtopics/sdt_pdfs/meetings2010/icm0310/2b-2_Tessema.pdf",2010,,,,,,,,,,,,,,1,,,,,,,,,,,,,,,,,
Existence of solid waste management plan ,1= Yes; 0= No,"Adank, M. et al. 2011 Towards integrated urban water management in the Greater Accra Metropolitan Area: current status and strategic directions for the future, SWITCH/RCN Ghana. ",2011,,,,,,,,,,,,,,,0,,,,,,,,,,,,,,,,
Existence of solid waste management plan ,1= Yes; 0= No,"Asase, M. et al. 2009 Comparison of municipal solid waste management systems in Canada and Ghana: a case study of the cities of London, Ontario, and Kumasi, Ghana, Waste Management, 29, 2779-2786. ",2005,,,,,,,,,,,,,,,,1,,,,,,,,,,,,,,,
Existence of solid waste management plan ,1= Yes; 0= No,"UN-Habitat 2010 Solid Waste Management n the World's Cities: Water and Sanitation in the World's cities 2010, London,Washington: Earthscan. ",2010,,,,,,,,,,,,,,,,,,1,,,,,,,,,,,,,
Existence of solid waste management plan ,1= Yes; 0= No,"Oresanya, O. 2008 the Lagos Megacity project: the Solid Waste Management Project, 28th October, http://www.lawma.gov.ng/md%20presentation/Lagos%20Megacity.pdf",2008,,,,,,,,,,,,,,,,,,,1,,,,,,,,,,,,
Existence of solid waste management plan ,1= Yes; 0= No,http://www.villededakar.org/content/gestion-des-dechets-solides-urbains-les-agglom%C3%A9rations-de-dakar-et-de-rufisque-peaufinent-un,2010,,,,,,,,,,,,,,,,,,,,1,,,,,,,,,,,
Existence of solid waste management plan ,1= Yes; 0= No,"WaterAid 2011 Solid Waste Management: Study in Bwaise II Parish, Kawempe Division, Final Report, October 2011.",*2006,,,,,,,,,,,,,,,,,,,,,1,,,,,,,,,,
Existence of solid waste management plan ,1= Yes; 0= No,"Republique du Congo 2010 Analyse de la situation et estimation des besoins en sante et environnement dans le cadre de la mise en oeuvre de la Declaration de Libreville, Rapport National",2010,,,,,,,,,,,,,,,,,,,,,,,,,,,1,,,,
Existence of solid waste management plan ,1= Yes; 0= No,UN-Habitat 2011 Malawi: Lilongwe Urban Profile,2010,,,,,,,,,,,,,,,,,,,,,,,,,,,,,1,,
Existence of solid waste management plan ,1= Yes; 0= No,United Republic of Tanzania 2004 Dar es Salaam City Profile,2003,,,,,,,,,,,,,,,,,,,,,,,,,,,,,,,1
Existence of water master plan,1= Yes; 0= No,"Republica de Mozambique, Ministerio de Obras Publicas and FIPAG 2011 Maputo Water Supply Project, Master Plan Main Report. ",*2011,1,,,,,,,,,,,,,,,,,,,,,,,,,,,,,,
Existence of water master plan,1= Yes; 0= No,"African Development Bank 2004 Nigeria Project Completion Report, Ibadan Water Supply II Project, January 2004",*2002,,1,,,,,,,,,,,,,,,,,,,,,,,,,,,,,
Existence of water master plan,1= Yes; 0= No,"Agir, B. et al. 2007 Baseline review of M&E Systems Kano State: Toward the Development of the K-SEEDS II, SLGP Consultants Report Number 214.",2007,,,0,,,,,,,,,,,,,,,,,,,,,,,,,,,,
Existence of water master plan,1= Yes; 0= No,IWA WaterWiki,*2005,,,,1,,,,,,,,,,,,,,,,,,,,,,,,,,,
Existence of water master plan,1= Yes; 0= No,"City of Cape Town 2009 Water Services Development Plan for City of Cape Town 2010/2011 - 2012/2014, Final Report.",*2009,,,,,1,,,,,,,,,,,,,,,,,,,,,,,,,,
Existence of water master plan,1= Yes; 0= No,eThekwini Municipality. http://www.durban.gov.za/City_Services/water_sanitation/Policies_Plans_Guidelines/Pages/Water_Services_Development_Plan.aspx,*2004,,,,,,1,,,,,,,,,,,,,,,,,,,,,,,,,
Existence of water master plan,1= Yes; 0= No,"IUWM KAP Survey Report. Water Anchor, World Bank 2012",2012,,,,,,,,,,1,,,,,,,,,,,,,,,,,,,,,
Existence of water master plan,1= Yes; 0= No,Communaute Urbaine de Douala 2009 Strategie de Developpement de la ville de Douala et de son aire metropolitaine.,2009,,,,,,,,,,,0,,,,,,,,,,,,,,,,,,,,
Existence of water master plan,1= Yes; 0= No,"Adank, M. et al. 2011 Towards integrated urban water management in the Greater Accra Metropolitan Area: current status and strategic directions for the future, SWITCH/RCN Ghana.",2011,,,,,,,,,,,,,,,0,,,,,,,,,,,,,,,,
Existence of water master plan,1= Yes; 0= No,"Eckhart et al 2012 Assessment Report, Integrated Urban Water management for Nairobi, Kenya, Draft Report ",*2009,,,,,,,,,,,,,,,,,,1,,,,,,,,,,,,,
Existence of water master plan,1= Yes; 0= No,"Lagos Water Corporation 2011 Lagos Water Master Plan,  http://lagoswater.org/lwc_pdf/Lagos-Water-Master-Plan.pdf",*2010,,,,,,,,,,,,,,,,,,,1,,,,,,,,,,,,
Existence of water master plan,1= Yes; 0= No,Dar Al Handasah Partners,2012,,,,,,,,,,,,,,,,,,,,,,1,,,,,,,,,
Existence of water master plan,1= Yes; 0= No,"The World Bank 2009 Project Appraisal Document to Burkina Faso for an Urban Water Sector Project, April 30 2009, Report No: 47392-BF.",2009,,,,,,,,,,,,,,,,,,,,,,,1,,,,,,,,
Existence of water master plan,1= Yes; 0= No,"PEMU Project d'Alimentation en Eau Potable en Milieu Urbain, Cadre de Gestion Environnementale et Sociale (CGES), Rapport Final Septembre 2009",*2009,,,,,,,,,,,,,,,,,,,,,,,,1,,,,,,,
Existence of water master plan,1= Yes; 0= No,UN-Habitat 2011 Malawi: Lilongwe Urban Profile,*2010,,,,,,,,,,,,,,,,,,,,,,,,,,,,,1,,
Existence of water master plan,1= Yes; 0= No,Part of Road Map Building Mission of the Sustainable Cities Initiative.  United Republic of Tanzania 2004 Dar es Salaam City Profile,2004,,,,,,,,,,,,,,,,,,,,,,,,,,,,,,,1
Existence of wastewater master plan ,1= Yes; 0= No,IWA WaterWiki,*2011,1,,,,,,,,,,,,,,,,,,,,,1,,1,,,,,,,
Existence of wastewater master plan ,1= Yes; 0= No,"City of Johannesburg 2002 Sanitation Policy for the City of Johannesburg, October 2002",*2005,,,,1,,,,,,,,,,,,,,,,,,,,,,,,,,,
Existence of wastewater master plan ,1= Yes; 0= No,"City of Cape Town 2009 Water Services Development Plan for City of Cape Town 2010/2011 - 2012/2014, Final Report.",*2009,,,,,1,,,,,,,,,,,,,,,,,,,,,,,,,,
Existence of wastewater master plan ,1= Yes; 0= No,"eThekwini Municipality 2004 Draft Water Services Development Plan, volume 2",*2004,,,,,,1,,,,,,,,,,,,,,,,,,,,,,,,,
Existence of wastewater master plan ,1= Yes; 0= No,"The World Bank 2011 Emergency Project Paper on a Proposed Credit to the Republic of Benin for the Emergency Urban Environment Project, April 26, 2011, Report No: 60301-BJ",2011,,,,,,,,,,1,,,,,,,,,,,,,,,,,,,,,
Existence of wastewater master plan ,1= Yes; 0= No,Communaute Urbaine de Douala 2009 Strategie de Developpement de la ville de Douala et de son aire metropolitaine.,2009,,,,,,,,,,,0,,,,,,,,,,,,,,,,,,,,
Existence of wastewater master plan ,1= Yes; 0= No,"Adank, M. et al. 2011 Towards integrated urban water management in the Greater Accra Metropolitan Area: current status and strategic directions for the future, SWITCH/RCN Ghana.",2011,,,,,,,,,,,,,,,0,,,,,,,,,,,,,,,,
Existence of wastewater master plan ,1= Yes; 0= No,NCWSC/AWSB (2009) Strategic Guidelines for Improving Water and Sanitation Services in Nairobi’s Informal Settlements. Nairobi City Water and Sewerage Company (NCWSC) and Athi Water Services Board (AWSB) with the support of the Water and Sanitation,*2009,,,,,,,,,,,,,,,,,,1,,,,,,,,,,,,,
Existence of wastewater master plan ,1= Yes; 0= No,WSP (2002) Plan stratégique d’assainissement de Ouagadougou: une approche holistique aux problèmes d’une ville. ,2002,,,,,,,,,,,,,,,,,,,,,,,1,,,,,,,,
Existence of wastewater master plan ,1= Yes; 0= No,UN-Habitat 2011 Malawi: Lilongwe Urban Profile,2011,,,,,,,,,,,,,,,,,,,,,,,,,,,,,1,,
Existence of wastewater master plan ,1= Yes; 0= No,Part of Road Map Building Mission of the Sustainable Cities Initiative.  United Republic of Tanzania 2004 Dar es Salaam City Profile,*2003,,,,,,,,,,,,,,,,,,,,,,,,,,,,,,,1
Average Annual Runoff at Basin Level ,Million Cublic Metres/ year,"World Bank Data, Climate Change Knowledge Portal. For detailed methodology see Strzepek, K. et al. 2011.",2011,56.37,310.53,146.43,3.45,44.78,56.37,3.24,186.67,133.36,154.17,1340.26,448.47,307.75,381.96,206.06,267.72,803.90,58.76,238.54,97.75,113.68,14.50,88.25,395.15,356.91,301.64,428.85,183.71,150.86,358.22,149.79
Low flow (Q90),Million Cublic Metres/ year,"World Bank Data, Climate Change Knowledge Portal. For detailed methodology see Strzepek, K. et al. 2011.",2011,27.27,179.77,34.14,2.19,24.95,27.27,1.39,78.05,35.25,72.73,1133.23,332.29,145.42,213.89,117.60,152.66,511.47,36.85,145.72,19.16,59.69,6.64,44.15,205.30,236.27,183.78,218.60,114.26,108.24,276.48,69.55
High flow (Q10),Million Cublic Metres/ year,"World Bank Data, Climate Change Knowledge Portal. For detailed methodology see Strzepek, K. et al. 2011.",2011,93.10,437.84,254.49,5.26,63.39,93.10,6.82,333.29,258.12,266.43,1591.74,553.85,446.46,544.07,335.49,389.34,1057.51,83.06,380.02,212.76,175.74,27.46,134.12,540.95,527.51,400.95,592.91,266.45,198.27,476.09,212.68
Baseflow,Million Cublic Metres/ year,"World Bank Data, Climate Change Knowledge Portal. For detailed methodology see Strzepek, K. et al. 2011.",2011,19.87,45.38,7.67,2.12,9.97,19.87,1.72,5.84,6.18,26.19,417.90,170.22,43.33,36.27,42.01,105.68,16.51,27.84,49.46,5.70,54.22,12.16,8.01,189.34,18.21,70.60,232.32,44.26,55.93,18.18,33.93
Basin Yield,Million Cublic Metres/ year,"World Bank Data, Climate Change Knowledge Portal. For detailed methodology see Strzepek, K. et al. 2011.",2011,42.16,234.48,110.03,2.61,33.57,42.16,2.45,137.61,100.22,113.90,1010.97,338.35,232.22,286.32,154.49,202.08,604.22,44.39,178.24,75.50,84.41,10.77,65.49,297.10,268.35,225.88,321.92,138.69,112.40,266.28,114.72
Total design capacity of water supply infrastructure,m3/day,"Serra, P.  2012 Facing the issue of non-revenue water, a prerequisite for improving water services in water constrained areas: the Maputo Case Study. http://www.w-e-x.com/downloads/Pedro%20Serra.pdf",2012,"186,000",,,,,,,,,,,,,,,,,,,,,,,,,,,,,,
Total design capacity of water supply infrastructure,m3/day,"Adenji, G. and B. Ogundiji 2009 Climate Adaptation in Nigerian Cities: Regularising Informal and Illegal Settlements in Ibadan, World Bank 2009 Urban Symposium, June 28-30, Marseille, France.",2009,,"122,500",,,,,,,,,,,,,,,,,,,,,,,,,,,,,
Total design capacity of water supply infrastructure,m3/day,City of Cape Town 2010 Bulk Water Supply Infrastructure Summary Description.,2010,,,,,1609000,,,,,,,,,,,,,,,,,,,,,,,,,,
Total design capacity of water supply infrastructure,m3/day,"African Development Bank 2010 Urgent Water Supply and Sanitation Rehabilitation Project, Country: Zimbabwe, Project Appraisal Report. ",2010,,,,,,,,,704000,,,,,,,,,,,,,,,,,,,,,,
Total design capacity of water supply infrastructure,m3/day,"Ngendo Yonsi, N.B. 2011 Access and manaagement of Drinking Water in Developing Cities: Evidence from Yaounde (Cameroon), Research Journal of Environmental Sciences, 5(2), 124-133.",2011,,,,,,,,,,,,152000,,,,,,,,,,,,,,,,,,,
Total design capacity of water supply infrastructure,m3/day,"Adank, M. et al. 2011 Towards integrated urban water management in the Greater Accra Metropolitan Area: current status and strategic directions for the future, SWITCH/RCN Ghana.",2011,,,,,,,,,,,,,,,428454,,,,,,,,,,,,,,,,
Total design capacity of water supply infrastructure,m3/day,"Kuma, J.S. et al. 2010 Evaluating the Water Supply System in Kumasi, Ghana, European Journal of Scientific Research, 40(4), 506-514",2010,,,,,,,,,,,,,,,,95330,,,,,,,,,,,,,,,
Total design capacity of water supply infrastructure,m3/day,"Societe des Eaux de Guinee 2010 Projet de Renforcement du Systeme d'Alimentation en Eau potable de la Ville de Conakry (4eme Projet Eau), http://www.segguinee.com/GrandProjet.aspx",2010,,,,,,,,,,,,,,,,,164500,,,,,,,,,,,,,,
Total design capacity of water supply infrastructure,m3/day,"Eckhart et al 2012 Assessment Report, Integrated Urban Water management for Nairobi, Kenya, Draft Report",2012,,,,,,,,,,,,,,,,,,532000,,,,,,,,,,,,,
Total design capacity of water supply infrastructure,m3/day,"Lagos State Water Corporation 2007 in Obayagbona, H. 2008 Governance without government: water provision in Lagos, Nigeria, MA Thesis, Graduate School of Development Studies, Institute of Social Studies, The Hague, page 27.",2007,,,,,,,,,,,,,,,,,,,"689,272",,,,,,,,,,,,
Total design capacity of water supply infrastructure,m3/day,National Water and Sewerage Corporation Annual Report 2009-2010.,2009,,,,,,,,,,,,,,,,,,,,,165000,,,,,,,,,,
Total design capacity of water supply infrastructure,m3/day,"Cain, A. and M. Mulenga 2009 Water Service provision for the peri-urban poor in post-conflict Angola, Human Settlements Working Paper Series Water-6, ",2009,,,,,,,,,,,,,,,,,,,,,,274000,,,,,,,,,
Total design capacity of water supply infrastructure,m3/day,"Republique Democratique du Congo 2005 Monographie de la Province du Kasai -Oriental, Unite de Pilotage du processus DSRP, Ministere du Plan",N/A ,,,,,,,,,,,,,,,,,,,,,,,,,,274000,,,,,
Total design capacity of water supply infrastructure,m3/day,World Bank 2010 Project Appraisal Report to the Republic of Congo for a Water and Urban Development Project. Report 52995.,2010,,,,,,,,,,,,,,,,,,,,,,,,,,,127800,,,,
Total design capacity of water supply infrastructure,m3/day,UN-Habitat 2011 Malawi: Lilongwe Urban Profile,2011,,,,,,,,,,,,,,,,,,,,,,,,,,,,,95000,,
Total production by water supply infrastructure,m3/day,IBNET http://www.ib-net.org/ ,Latest available year,"154,684",,,,,920547,986301,260904,,,,,,270328,,,,397260,,,,,,,,,,,,,272000
Total production by water supply infrastructure,m3/day,African Development Bank 2009 Project Appraisal Report Urban Water Supply and Sanitation for Oyo and Taraba States.,2009,,107000,,,,,,,,,,,,,,,,,,,,,,,,,,,81041,,257041
Total production by water supply infrastructure,m3/day,"IUCN 2006 Water Audit for Komadugu Yobe Basin, Final Report",2006,,,"3,393,263",,,,,,,,,,,,,,,,,,,,,,,,,,,,
Total production by water supply infrastructure,m3/day,"Van Rooyen, C. et al. 2009 Johannesburg Case-study, THE WATER DIALOGUES SYNTHESIS REPORT 2009.",2009,,,,1408000,,,,,,,,,,,,,,,,,,,,,,,,,,,
Total production by water supply infrastructure,m3/day,"City of Cape Town 2009 Water Services Development Plan for City of Cape Town 2010/2011 - 2012/2014, Final Report.",2009,,,,,892305,,,,,,,,,,,,,,,,,,,,,,,,,,
Total production by water supply infrastructure,m3/day,"African Development Bank 2010 Urgent Water Supply and Sanitation Rehabilitation Project, Country: Zimbabwe, Project Appraisal Report. ",2010,,,,,,,,,645000,,,,,,,,,,,,,,,,,,,,,,
Total production by water supply infrastructure,m3/day,Societe Nationale des Eaux du Benin 2009 ,2009,,,,,,,,,,65913,,,,,,,,,,,,,,,,,,,,,
Total production by water supply infrastructure,m3/day,Meva'a Abomo M.  De l'abondance des ressources en eau a la rarete de l'eau potable dans les villes littorales du sud; un indicateur pertinent de la crise manageriale des espaces urbains: l'exemple de Douala au Cameroun.,N/A ,,,,,,,,,,,"78,356",,,,,,,,,,,,,,,,,,,,
Total production by water supply infrastructure,m3/day,"Ngendo Yonsi, N.B. 2011 Access and manaagement of Drinking Water in Developing Cities: Evidence from Yaounde (Cameroon), Research Journal of Environmental Sciences, 5(2), 124-133.",2011,,,,,,,,,,,,52498,,,,,,,,,,,,,,,,,,,
Total production by water supply infrastructure,m3/day,Republique de Cote d'Ivoire 2009 Strategie de Relance  du Developpement et de Reduction de la Pauvrete,2009,,,,,,,,,,,,,410958,,,,,,,,,,,,,,,,,,
Total production by water supply infrastructure,m3/day,"GWCL 2007 Greater Accra System Data Sheet, Strategic Investment Program 2025, Ghana Water Company LTD.",2007,,,,,,,,,,,,,,,364513,,,,,,,,,,,,,,,,
Total production by water supply infrastructure,m3/day,"Kuma, J.S. et al. 2010 Evaluating the Water Supply System in Kumasi, Ghana, European Journal of Scientific Research, 40(4), 506-514",2010,,,,,,,,,,,,,,,,87671,,,,,,,,,,,,,,,
Total production by water supply infrastructure,m3/day,"Sangare, S. 2006 Presentation du Rapport diagnostic Approvisionnement en Eau Potable, http://www.gn.undp.org/Docs/omd/Diagn-EauAss-OMD-Guin%C3%A9e2006.pdf",2006,,,,,,,,,,,,,,,,,69889,,,,,,,,,,,,,,
Total production by water supply infrastructure,m3/day,"Longe, E.O. et al. 2008 Private Sector Participation in Water Supply: Prospects and Challenges in Developing Economies, IWRA World Water Congress, 1-4 September, Montpellier, France, ",2008,,,,,,,,,,,,,,,,,,,318000,,,,,,,,,,,,
Total production by water supply infrastructure,m3/day,National Water and Sewerage Corporation Annual Report 2009-2010.,2009,,,,,,,,,,,,,,,,,,,,,141534,,,,,,,,,,
Total production by water supply infrastructure,m3/day,"Cain, A. and M. Mulenga 2009 Water Service provision for the peri-urban poor in post-conflict Angola, Human Settlements Working Paper Series Water-6, ",2009,,,,,,,,,,,,,,,,,,,,,,192000,,,,,,,,,
Total production by water supply infrastructure,m3/day,"World Bank 2009 Project Appraisal Document to Burkina Faso for an Urban Water Sector Project, April 30 2009, Report No: 47392-BF.",2009,,,,,,,,,,,,,,,,,,,,,,,"113,382",,,,,,,,
Total production by water supply infrastructure,m3/day,"World Bank 2008 Project Appraisal Document to the Republic of Congo for an Urban Water Supply Project, Report No:  46545",2008,,,,,,,,,,,,,,,,,,,,,,,,396469,94000,,,,,,
Total production by water supply infrastructure,m3/day,World Bank 2010 Project Appraisal Report to the Republic of Congo for a Water and Urban Development Project. Report 52995.,2010,,,,,,,,,,,,,,,,,,,,,,,,,,,63000,,,,
Total production by water supply infrastructure,m3/day,Blantyre Water Board 2010 Annual Report,2010,,,,,,,,,,,,,,,,,,,,,,,,,,,,82301,,,
Total production by water supply infrastructure,m3/day,Africa Infrastructure Country Diagnostic Database http://data.worldbank.org/data-catalog/africa-infrastructure,Latest available year,,,,,,,,,,,,,,,,,,,,,,,,,,,,,,236712,
 Residential water consumption in city or utility coverage area,l/cap/day,Africa Infrastructure Country Diagnostic Database http://data.worldbank.org/data-catalog/africa-infrastructure,Latest available year,42,,,,,,,,,,,,,,,,,,,,,,19,,,,,,,7.9,
 Residential water consumption in city or utility coverage area,l/cap/day,IBNET http://www.ib-net.org/ ,Latest available year,,10,,380,142,107,176,80,,,,37,,29,,,,57,,,,,,,,,,30,53,,24
 Residential water consumption in city or utility coverage area,l/cap/day,"The World Bank 2010 Republique du Benin: Analyse environnementale Pays, Rapport No: 58190-BJ",2010,,,,,,,,,,,41,,,,,,,,,,,,,,,,,,,,
 Residential water consumption in city or utility coverage area,l/cap/day,"Adank, M. et al. 2011 Towards integrated urban water management in the Greater Accra Metropolitan Area: current status and strategic directions for the future, SWITCH/RCN Ghana.",2011,,,,,,,,,,,,,,,18,,,,,,,,,,,,,,,,
 Residential water consumption in city or utility coverage area,l/cap/day," African Development Bank 2006 Implementation of an Integrated Project of Water supply and Sanitation services for the Urban Poor in Kagugube Parish, Central Division - Kampala, Appraisal Repport. ",2006,,,,,,,,,,,,,,,,,,,,,8,,,,,,,,,,
 Residential water consumption in city or utility coverage area,l/cap/day,"African Development Fund 2007 Appraisal Report – Angola, Sumbe Water Supply, Sanitation and Institutional Support Project, August 2007.",2007,,,,,,,,,,,,,,,,,,,,,,37,,,,,,,,,
 Residential water consumption in city or utility coverage area,l/cap/day,"World Bank 2008 Project Appraisal Document to the Republic of Congo for an Urban Water Supply Project, Report No:  46545",2008,,,,,,,,,,,,,,,,,,,,,,,,,,,,,,,
 Residential water consumption in city or utility coverage area,l/cap/day,"Katsongo, K. 2005 Local Water Management in Low-Income Urban Neighbourhoods: The Case of Kinshasa, Urban Poverty and Environment Report Series 3, IDRC-CRDI: Canada",2005,,,,,,,,,,,,,,,,,,,,,,,,,,,,,,,
City population served by utility ,Number of residents served by utility,IBNET http://www.ib-net.org/ ,2005,659000,,,2160000,,3118000,3427000,1286000,,,,,,2826000,,,,2251000,,,,,,17,,,,708000,485280,,
City population served by utility ,Number of residents served by utility,Africa Infrastructure Country Diagnostic Database,2005,,,,,2993456,,,,,1385000,,,,,,,,,,,,,,,,,,,,,
City population served by utility ,Number of residents served by utility,"The World Bank 2007 Project Appraisal Report to the Republic of Cameroon for an Urban and Water Development Support Project, May 1 2007, Report No 37979-CM",2007,,,,,,,,,,,344600,,,,,,,,,,,,,,,,,,,,
City population served by utility ,Number of residents served by utility,"UN-Habitat 2007 Profil Urbain de Yaounde, Nairobi:Kenya",2007,,,,,,,,,,,,56000,,,,,,,,,,,,,,,,,,,
City population served by utility ,Number of residents served by utility,"Maoulidi, M. 2010 A water and sanitation needs assessment for Kumasi, Ghana, MCI Social Sector Working Paper Series, No.16/2010",2010,,,,,,,,,,,,,,,,64509,,,,,,,,,,,,,,,
City population served by utility ,Number of residents served by utility,"Longe, E.O. et al. 2008 Private Sector Participation in Water Supply: Prospects and Challenges in Developing Economies, IWRA World Water Congress, 1-4 September, Montpellier, France, ",2008,,,,,,,,,,,,,,,,,,,3000000,,,,,,,,,,,,
City population served by utility ,Number of residents served by utility,National Water and Sewerage Corporation Annual Report 2009-2010.,2010,,,,,,,,,,,,,,,,,,,,,127407,,,,,,,,,,
City population served by utility ,Number of residents served by utility,"Cain, A. and M. Mulenga 2009 Water Service provision for the peri-urban poor in post-conflict Angola, Human Settlements Working Paper Series Water-6, ",2009,,,,,,,,,,,,,,,,,,,,,,1300000,,,,,,,,,
City population served by utility ,Number of residents served by utility,"World Bank 2009 Project Appraisal Document to Burkina Faso for an Urban Water Sector Project, April 30 2009, Report No: 47392-BF.",2009,,,,,,,,,,,,,,,,,,,,,,,1129300,,,,,,,,
City population served by utility ,Number of residents served by utility,"World Bank 2008 Project Appraisal Document to the Republic of Congo for an Urban Water Supply Project, Report No:  46545",2008,,,,,,,,,,,,,,,,,,,,,,,,1450350,,,,,,,
City population served by utility ,Number of residents served by utility,"The World Bank 2011 Implementation Completion and Results Report to the United Republic of Tanzania for a Dar Es Salaam Water Supply and Sanitation Project, Report No.ICR00001361.",2011,,,,,,,,,,,,,,,,,,,,,,,,,,,,,,,2800000
Improved water coverage access,% of city residents with access to improved water supply,IBNET http://www.ib-net.org/ ,Latest available year,36,,,54,100,87,62,70,,,42,,,99,,,,63,,,,,,,,,,75,72,,82
Improved water coverage access,% of city residents with access to improved water supply,African Development Bank 2009 Project Appraisal Report Urban Water Supply and Sanitation for Oyo and Taraba States.,2009,,22,,,,,,,,,,,,,,,,,,,,,,,,,,,,,
Improved water coverage access,% of city residents with access to improved water supply,"National Bureau of Statistics 2009 Social Statistics of Nigeria, http://www.nigerianstat.gov.ng/ext/latest_release/ssd09.pdf",2009,,,24,,,,,,,,,,,,,,,,14,,,,,,,,,,,12,
Improved water coverage access,% of city residents with access to improved water supply,"City of Cape Town 2009 Water Services Development Plan for City of Cape Town 2010/2011 - 2012/2014, Final Report.",2009,,,,,,,,,,,,,,,,,,,,,,,,,,,,,,,
Improved water coverage access,% of city residents with access to improved water supply,"Hove, M. and A. Tirimboi 2011 Assessment of Harare Water Service Delivery, Journal of Sustainable Development in Africa, 13(4), 61-84.",2011,,,,,,,,,50,,,,,,,,,,,,,,,,,,,,,,
Improved water coverage access,% of city residents with access to improved water supply,"Keener, S. et al. 2010 Provision of Water to the Poor in Africa: Experience with Water Standposts and the Informal Water Sector, Policy Research Working Paper 5387, The World Bank.",2010,,,,,,,,,,57,,,,,,,,,,,,,,,,,,,,,
Improved water coverage access,% of city residents with access to improved water supply,"Ngendo Yonsi, N.B. 2011 Access and management of Drinking Water in Developing Cities: Evidence from Yaounde (Cameroon), Research Journal of Environmental Sciences, 5(2), 124-133.",2011,,,,,,,,,,,,56,,,,,,,,,,,,,,,,,,,
Improved water coverage access,% of city residents with access to improved water supply,"OECD 2007 Cote d'Ivoire, Perspectives Economiques en Afrique",2007,,,,,,,,,,,,,82,,,,,,,,,,,,,,,,,,
Improved water coverage access,% of city residents with access to improved water supply,"Adank, M. et al. 2011 Towards integrated urban water management in the Greater Accra Metropolitan Area: current status and strategic directions for the future, SWITCH/RCN Ghana.",2011,,,,,,,,,,,,,,,51,,,,,,,,,,,,,,,,
Improved water coverage access,% of city residents with access to improved water supply,"Maoulidi, M. 2010 A water and sanitation needs assessment for Kumasi, Ghana, MCI Social Sector Working Paper Series, No.16/2010",2010,,,,,,,,,,,,,,,,80,,,,,,,,,,,,,,,
Improved water coverage access,% of city residents with access to improved water supply,"Bah, A.K. et al. 2007 Approvisionnement en eau des menages de Conakry, Afrique Contemporaine, 221, 225/245.",2007,,,,,,,,,,,,,,,,,90,,,,,,,,,,,,,,
Improved water coverage access,% of city residents with access to improved water supply,"Barron, J. et al. 2007 Water and Poverty linkages. Senegal –a case study, Stockholm Environment Institute.",2007,,,,,,,,,,,,,,,,,,,,96,,,,,,,,,,,
Improved water coverage access,% of city residents with access to improved water supply,National Water and Sewerage Corporation Annual Report 2009-2010.,2010,,,,,,,,,,,,,,,,,,,,,74,,,,,,,,,,
Improved water coverage access,% of city residents with access to improved water supply,"Cain, A. and M. Mulenga 2009 Water Service provision for the peri-urban poor in post-conflict Angola, Human Settlements Working Paper Series Water-6, ",2009,,,,,,,,,,,,,,,,,,,,,,42,,,,,,,,,
Improved water coverage access,% of city residents with access to improved water supply,"World Bank 2009 Project Appraisal Document to Burkina Faso for an Urban Water Sector Project, April 30 2009, Report No: 47392-BF.",2009,,,,,,,,,,,,,,,,,,,,,,,69,,,,,,,,
Improved water coverage access,% of city residents with access to improved water supply,"World Bank 2008 Project Appraisal Document to the Republic of Congo for an Urban Water Supply Project, Report No:  46545",2008,,,,,,,,,,,,,,,,,,,,,,,,72,70,,,,,,
Improved water coverage access,% of city residents with access to improved water supply,"Republique Democratique du Congo 2005 Monographie de la Province du Kasai -Oriental, Unite de Pilotage du processus DSRP, ",2005,,,,,,,,,,,,,,,,,,,,,,,,,,49,,,,,
Improved water coverage access,% of city residents with access to improved water supply,World Bank 2010 Project Appraisal Report to the Republic of Congo for a Water and Urban Development Project. Report 52995.,2010,,,,,,,,,,,,,,,,,,,,,,,,,,,35,,,,
Water sold by utility that is metered,% of water sold by utility ,IBNET http://www.ib-net.org/ ,Latest available year,44,,,100,100,100,0.3,,,100,100,,,100,,,,,,,,,,,,,,,,,
Water sold by utility that is metered,% of water sold by utility ,"Iliyas, M.H. 2000 Strengthening the Capacity of Water Utilities to Deliver Water and sanitation Services, Environmental Health and Hygiene to Low Income Communities, Case Study for Kano (town), Nigeria, Context and Practices, Water Utilities Project No.5, MIT.",2000,,,1,,,,,,,,,,,,,,,,,,,,100,,,,,100,,,
Water sold by utility that is metered,% of water sold by utility ,NWASCO 2011 Urban and Peri-Urban Water Supply and Sanitation Sector Report 2010/2011.,2011,,,,,,,,62,,,,,,,,,,,,,,,,,,,,,,,
Water sold by utility that is metered,% of water sold by utility ,"Adank, M. et al. 2011 Towards integrated urban water management in the Greater Accra Metropolitan Area: current status and strategic directions for the future, SWITCH/RCN Ghana.",2011,,,,,,,,,,,,,,,51,,,,,,,,,,,,,,,,
Water sold by utility that is metered,% of water sold by utility ,"Longe, E.O. et al. 2008 Private Sector Participation in Water Supply: Prospects and Challenges in Developing Economies, IWRA World Water Congress, 1-4 September, Montpellier, France, ",2008,,,,,,,,,,,,,,,,,,,2,,,,,,,,,,,,
Water sold by utility that is metered,% of water sold by utility ,National Water and Sewerage Corporation Annual Report 2009-2010.,2010,,,,,,,,,,,,,,,,,,,,,99,,,,,,,,,,
Water sold by utility that is metered,% of water sold by utility ,"Cain, A. and M. Mulenga 2009 Water Service provision for the peri-urban poor in post-conflict Angola, Human Settlements Working Paper Series Water-6, ",2009,,,,,,,,,,,,,,,,,,,,,,52,,,,,,,,,
Water sold by utility that is metered,% of water sold by utility ,"World Bank 2008 Project Appraisal Document to the Republic of Congo for an Urban Water Supply Project, Report No:  46545",2008,,,,,,,,,,,,,,,,,,,,,,,,55,64,,,,,,
Water sold by utility that is metered,% of water sold by utility ,World Bank 2010 Project Appraisal Report to the Republic of Congo for a Water and Urban Development Project. Report 52995.,2010,,,,,,,,,,,,,,,,,,,,,,,,,,,4,,,,
Water sold by utility that is metered,% of water sold by utility ,Africa Infrastructure Country Diagnostic Database http://data.worldbank.org/data-catalog/africa-infrastructure,2012,,,,,,,,,,,,,,,,,,,,,,,,,,,,,,,83
Collection rate ,% of collection rate from population billed,IBNET http://www.ib-net.org/ ,Latest available year,85,13,,98,83,,,80,,91,,,,91,,,,75,,,,,95,,,,,94,96,,
Collection rate ,% of collection rate from population billed,"eThekwini Municipality 2004 Draft Water Services Development Plan, volume 2",2004,,,,,,108,,,,,,,,,,,,,,,,,,,,,,,,,
Collection rate ,% of collection rate from population billed,Africa Infrastructure Country Diagnostic Database http://data.worldbank.org/data-catalog/africa-infrastructure,2012,,,,,,,62,,,,,,,,,,,,,,,,,,,,,,,20,
Collection rate ,% of collection rate from population billed,"Sangare, S. 2006 Presentation du Rapport diagnostic Approvisionnement en Eau Potable, http://www.gn.undp.org/Docs/omd/Diagn-EauAss-OMD-Guin%C3%A9e2006.pdf",2006,,,,,,,,,,,,,,,,,90,,,,,,,,,,,,,,
Collection rate ,% of collection rate from population billed,"Longe, E.O. et al. 2008 Private Sector Participation in Water Supply: Prospects and Challenges in Developing Economies, IWRA World Water Congress, 1-4 September, Montpellier, France, ",2008,,,,,,,,,,,,,,,,,,,55,,,,,,,,,,,,
Collection rate ,% of collection rate from population billed,Pinsent Masons Water Yearbook 2011-2012,2012,,,,,,,,,,,,,,,,,,,,98,,,,,,,,,,,
Collection rate ,% of collection rate from population billed,"World Bank (2012) Africa's urban transition: implications for water management. Waste Water, Drainage and Solid Waste Management",2012,,,,,,,,,,,,,,,,,,,,,,23,,,,,,,,,
Collection rate ,% of collection rate from population billed,"World Bank 2008 Project Appraisal Document to the Republic of Congo for an Urban Water Supply Project, Report No:  46545",2008,,,,,,,,,,,,,,,,,,,,,,,,46,64,,,,,,
Collection rate ,% of collection rate from population billed,World Bank 2010 Project Appraisal Report to the Republic of Congo for a Water and Urban Development Project. Report 52995.,2010,,,,,,,,,,,,,,,,,,,,,,,,,,,53,,,,
Collection rate ,% of collection rate from population billed,"World Bank 2011 Implementation Completion and Results Report to the United Republic of Tanzania for a Dar Es Salaam Water Supply and Sanitation Project, Report No.ICR00001361.",2011,,,,,,,,,,,,,,,,,,,,,,,,,,,,,,,79
Non-revenue water,% of non-revenue water from total water supplied into the system,IBNET http://www.ib-net.org/ ,Latest available year,57,42,,,26,38,5,48,,28,40,,,41,52,,,42,,,,,18,,,,,49,41,,
Non-revenue water,% of non-revenue water from total water supplied into the system,"IUCN 2006 Water Audit for Komadugu Yobe Basin, Final Report",2006,,,60,,,,,,,,,,,,,,,,,,,,,,,,,,,,
Non-revenue water,% of non-revenue water from total water supplied into the system,Africa Infrastructure Country Diagnostic Database http://data.worldbank.org/data-catalog/africa-infrastructure,Latest available year,,,,41,,,,,,,,,,,,,,,,,,,,,,,,,,80,
Non-revenue water,% of non-revenue water from total water supplied into the system,"Hove, M. and A. Tirimboi 2011 Assessment of Harare Water Service Delivery, Journal of Sustainable Development in Africa, 13(4), 61-84. and African Development Bank 2010 Urgent Water Supply and Sanitation Rehabilitation Project, Country: Zimbabwe, Project ",2011,,,,,,,,,40,,,,,,,50,,,,,,,,,,,,,,,
Non-revenue water,% of non-revenue water from total water supplied into the system,"Kuma, J.S. et al. 2010 Evaluating the Water Supply System in Kumasi, Ghana, European Journal of Scientific Research, 40(4), 506-514",2010,,,,,,,,,,,,,,,,,,,50,,,,,,,,,,,,
Non-revenue water,% of non-revenue water from total water supplied into the system,"LSWC 2001 Reports in  in Obayagbona, H. 2008 Governance without government: water provision in Lagos, Nigeria, MA Thesis, Graduate School of Development Studies, Institute of Social Studies, The Hague, page 28.",2001,,,,,,,,,,,,,,,,,,,,20,,,,,,,,,,,
Non-revenue water,% of non-revenue water from total water supplied into the system,Pinsent Masons Water Yearbook 2011-2012,2012,,,,,,,,,,,,,,,,,,,,,39,,,,,,,,,,
Non-revenue water,% of non-revenue water from total water supplied into the system,National Water and Sewerage Corporation Annual Report 2009-2010.,2010,,,,,,,,,,,,,,,,,,,,,,,,54,36,,,,,,
Non-revenue water,% of non-revenue water from total water supplied into the system,"World Bank 2008 Project Appraisal Document to the Republic of Congo for an Urban Water Supply Project, Report No:  46545",2008,,,,,,,,,,,,,,,,,,,,,,,,,,,45,,,,
Non-revenue water,% of non-revenue water from total water supplied into the system,World Bank 2010 Project Appraisal Report to the Republic of Congo for a Water and Urban Development Project. Report 52995.,2010,,,,,,,,,,,,,,,,,,,,,,,,,,,,,,,56
City utility operating ratio,Operating revenue to cost ratio (%),IBNET http://www.ib-net.org/ ,Latest available year,82,,,98,87,55,200,135,,196,120,120,104,187,116,116,96,100,,244,134,,207,64,64,64,,106,170,,77
Water Utility Vulnerability Index,Index unit,"IBNET (not yet released) (see Moffitt et al, 2012)",Latest available year,,,,73,,6,,,,80,99,99,,13,,,31,,,53,,,,,,,,,,,
Improved sanitation access,% of city population ,IWAWaterWiki,2012,74,,,,,,,,,,,,,,,,,,,93,,,,,,,,,,,
Improved sanitation access,% of city population ,"National Bureau of Statistics 2009 Social Statistics of Nigeria, http://www.nigerianstat.gov.ng/ext/latest_release/ssd09.pdf",2009,,44,67,,,,,,,,,,,,,,,,89,,,,,,,,,,,62,
Improved sanitation access,% of city population ,"SSA 2007 Community Survey, Statistics of South Africa - Household Services, http://www.statssa.gov.za/",2007,,,,92,93,75,,,,,,,,,,,,,,,,,,,,,,,,,
Improved sanitation access,% of city population ,NWASCO 2011 Urban and Peri-Urban Water Supply and Sanitation Sector Report 2010/2011.,2011,,,,,,,,65,,,,,,,,,,,,,,,,,,,,,,,
Improved sanitation access,% of city population ,"World Bank 2010 Republique du Benin: Analyse environnementale Pays, Rapport No: 58190-BJ",2010,,,,,,,,,,26,,,,,,,,,,,,,,,,,,,,,
Improved sanitation access,% of city population ,"Strategie Nationale d'Assainissement liquide au Cameroon, Rapport Diagnostic, Avril 2011",2011,,,,,,,,,,,58,39,,,,,,,,,,,,,,,,,,,
Improved sanitation access,% of city population ,"OECD 2007 Cote d'Ivoire, Perspectives Economiques en Afrique",2007,,,,,,,,,,,,,49,,,,,,,,,,,,,,,,,,
Improved sanitation access,% of city population ,"Adank, M. et al. 2011 Towards integrated urban water management in the Greater Accra Metropolitan Area: current status and strategic directions for the future, SWITCH/RCN Ghana.",2011,,,,,,,,,,,,,,,54,,,,,,,,,,,,,,,,
Improved sanitation access,% of city population ,"Thift, C. 2007 Sanitation Policy in Ghana: Key Factors and the Potential for Ecological Sanitation solutions, EcoSanRes, Stockholm Environment Institute.",2007,,,,,,,,,,,,,,,,86,,,,,,,,,,,,,,,
Improved sanitation access,% of city population ,"Republique de Guinee 2007 Document de Strategie de Reduction de la Pauvrete DSRP2 (2007-2010), Ministere de l'Economie, des Finances et du Plan",2007,,,,,,,,,,,,,,,,,53,,,,,,,,,,,,,,
Improved sanitation access,% of city population ,City Council of Nairobi 2007 City of Nairobi Environment Outlook.,2007,,,,,,,,,,,,,,,,,,68,,,,,,,,,,,,,
Improved sanitation access,% of city population ,"Newton, J. 2004 Kampala Sanitation Plan, Mott MacDonald, http://www.ewb-uk.org/system/files/James%20Newton%20-%20Kampala_SMP_Presentation_to_EWB-",2004,,,,,,,,,,,,,,,,,,,,,93,,,,,,,,,,
Improved sanitation access,% of city population ,"Development Workshop 2011 Poverty and Environmental Vulnerability in Angola's growing Slums: comparative analysis of Luanda, Huambo and Cachiungo.",2011,,,,,,,,,,,,,,,,,,,,,,25,,,,,,,,,
Improved sanitation access,% of city population ,"World Bank 2009 Project Appraisal Document to Burkina Faso for an Urban Water Sector Project, April 30 2009, Report No: 47392-BF.",2009,,,,,,,,,,,,,,,,,,,,,,,25,,,,,,,,
Improved sanitation access,% of city population ,"PNUD 2009 Province de Kinshasa, Profil Resume, Pauvrete et Conditions de Vie des Menages, Mars 2009. ",2009,,,,,,,,,,,,,,,,,,,,,,,,40,,,,,,,
Improved sanitation access,% of city population ,"Republique Democratique du Congo 2005 Monographie de la Province du Katanga, Unite de Pilotage du processus DSRP, Ministere du Plan, Mars 2005",2005,,,,,,,,,,,,,,,,,,,,,,,,,24,,,,,,
Improved sanitation access,% of city population ,World Bank 2010 Project Appraisal Report to the Republic of Congo for a Water and Urban Development Project. Report 52995.,2010,,,,,,,,,,,,,,,,,,,,,,,,,,,11,,,,
Improved sanitation access,% of city population ,"National Statistical Office 2010 Malawi, Demographic and Health Survey. http://www.nso.malawi.net/images/stories/data_on_line/demography/MDHS2010/MDHS2010%20report.pdf",2010,,,,,,,,,,,,,,,,,,,,,,,,,,,,17,13,,
Improved sanitation access,% of city population ," World Bank 2011 Implementation Completion and Results Report to the United Republic of Tanzania for a Dar Es Salaam Water Supply and Sanitation Project, Report No.ICR00001361.",2011,,,,,,,,,,,,,,,,,,,,,,,,,,,,,,,14
Wastewater treatment,% of wastewater produced that is treated,"Nyenje, P.M. et al. 2010 Eutrophication and nutriend release in urban areas of sub-saharan Africa, Science of the Total Environment, 408, 447-455.",2010,24,,,,,,,,,,,,,,,,,,,,,,,,,,,,,,
Wastewater treatment,% of wastewater produced that is treated,Africa Infrastructure Country Diagnostic Database http://data.worldbank.org/data-catalog/africa-infrastructure,2012,,,,,100,,16,,,,,,,20,,,,,,,,,,,,,,,,,
Wastewater treatment,% of wastewater produced that is treated,"eThekwini Municipality 2004 Draft Water Services Development Plan, volume 2",2004,,,,,,93,,,,,,,,,,,,,,,,,,,,,,,,,
Wastewater treatment,% of wastewater produced that is treated,"African Development Bank 2010 Urgent Water Supply and Sanitation Rehabilitation Project, Country: Zimbabwe, Project Appraisal Report. ",2010,,,,,,,,,18,,,,,,,,,,,,,,,,,,,,,,
Wastewater treatment,% of wastewater produced that is treated,"Adank, M. et al. 2011 Towards integrated urban water management in the Greater Accra Metropolitan Area: current status and strategic directions for the future, SWITCH/RCN Ghana.",2011,,,,,,,,,,,,,,,17,,,,,,,,,,,,,,,,
Wastewater treatment,% of wastewater produced that is treated,"UN-Habitat 2011 Green Hills, Blue Cities. An ecosystems approach to water resources management for African cities",2011,,,,,,,,,,,,,,,,,,56,,14,,,,,,,,,,,
Wastewater treatment,% of wastewater produced that is treated,"Nyenje, P.M. et al. 2010 Eutrophication and nutriend release in urban areas of sub-saharan Africa, Science of the Total Environment, 408, 447-455.",2010,,,,,,,,,,,,,,,,,,,,,,17,,,,,,,,,
Wastewater treatment,% of wastewater produced that is treated,"Mtethiwa, A.H. et al. 2008  Efficiency of oxidation ponds in wastewater treatment, International Journal of Environmental Research, 2(2), 149-152.",2008,,,,,,,,,,,,,,,,,,,,,,,,,,,,,25,,
Wastewater treatment,% of wastewater produced that is treated,"World Bank 2011 Implementation Completion and Results Report to the United Republic of Tanzania for a Dar Es Salaam Water Supply and Sanitation Project, Report No.ICR00001361.",2011,,,,,,,,,,,,,,,,,,,,,,,,,,,,,,,100
Cholera cases ,Number of cases of cholera from last outbreak,"WHO 2011 Regional Humanitarian Health Update, Eastern and Southen Africa, May 2011",2011,1229,,,,,,,,,,,,,,,,,,,,,,,,,,,,,,
Cholera cases ,Number of cases of cholera from last outbreak,"African Development Bank 2008 Water and Sanitation for Oyo and Taraba States, http://www.afdb.org/en/projects-and-operations/project-portfolio/project/p-ng-e00-004/",2004,,1872,,,,,,,,,,,,,,,,,,,,,,,,,,,,,
Cholera cases ,Number of cases of cholera from last outbreak,WHO 2006 Cholera Update Northern Sudan 8 October 2006.,2006,,,,,,,1019,,,,,,,,,,,,,,,,,,,,,,,,
Cholera cases ,Number of cases of cholera from last outbreak,"OCHA 2009 Zimbabwe Monthly Situation Report, January 2009",2009,,,,,,,,,14513,,,,,,,,,,,,,,,,,,,,,,
Cholera cases ,Number of cases of cholera from last outbreak,"WHO 2011 Cholera Country Profile: Benin, Last Update 31 October 2011",2005,,,,,,,,,,510,,,,,,,,,,,,,,,,,,,,,
Cholera cases ,Number of cases of cholera from last outbreak,"Assako RJ. Et al. 2005 Etude géographique de l’épidémie de choléra à Douala ou la qualité de vie à l’épreuve des pratiques urbaines, ",2005,,,,,,,,,,,7000,,,,,,,,,,,,,,,,,,,,
Cholera cases ,Number of cases of cholera from last outbreak,"IWA Cholera, Diarrhea and dysentery update 2011 (05): Africa, http://www.iwa-microbiology.org/index.aspx?id=6181",2011,,,,,,,,,,,,,,,4190,,,,,,,,,,,,,,,,
Cholera cases ,Number of cases of cholera from last outbreak,"Sudre, B. and D. Bompangue 2009 Epidemiologie du cholera et Evaluation du Systeme d'Alerte Precoce en Republique de Guinee, Rapport de Mission, Universite de Franche-Comte, Centre de la Recherche Scientifique",2009,,,,,,,,,,,,,,,,,3799,,,,,,,,,,,,,,
Cholera cases ,Number of cases of cholera from last outbreak,"IFRC 2007 Senegal: Cholera, DREF bulletin, 26 October 2007",2007,,,,,,,,,,,,,,,,,,,,62,,,,,,,,,,,
Cholera cases ,Number of cases of cholera from last outbreak,"WHO 2009 Cholera Country Profile: Angola, Last Update 3 September 2009.",2009,,,,,,,,,,,,,,,,,,,,,,6816,,,,,,,,,
Cholera cases ,Number of cases of cholera from last outbreak,OMS 2011  Rapport de Situation sur l'epidemie de cholera (30 Aout 2011).,2011,,,,,,,,,,,,,,,,,,,,,,,,386,,,,,,,
Cholera cases ,Number of cases of cholera from last outbreak,"IFRC 2003 Democratic Republic of Congo: Cholera in Mbuji-Mayi, 14 December 2003",2003,,,,,,,,,,,,,,,,,,,,,,,,,,383,,,,,
Cholera cases ,Number of cases of cholera from last outbreak,"IFRC 2011 DREF Operation update, Republic of Congo: Cholera outbreak, 1 February 2012",2011,,,,,,,,,,,,,,,,,,,,,,,,,,,11,,,,
Cholera cases ,Number of cases of cholera from last outbreak,"Zeleza Manda M.A. 2009 Water and sanitation in urban Malawi: Can the Millenium Development Goals be met? A study of informal settlements in three cities, Human Settlements Working Papers Series, IIED.",2009,,,,,,,,,,,,,,,,,,,,,,,,,,,,1497,1478,,
Flood events,Frequency of flood events (events/ 100 years),"UNEP/GRID-Europe PREVIEW flood dataset, Strzepek, K. et al. 2011, and Dartmouth Flood Observatory, Dartmouth College.",2011,10,10,25,2,7,10,21,2,2,19,2,2,2,10,2,2,7,14,7,10,18,7,17,10,14,2,10,20,20,14,10