"United Nations, Department of Economic and Social Affairs
Population Division",,,,,,,,,,,,,,,,,,,,,,,,,,,,,,,,,,,,,,,,,,,,,,,,,,,,,,,,,,,,,,,,,,,,,,,,,,,,,,,,,,,,,,,,,,,,,,,,,,,,,,,,,,,,,,,,,,,,,,,,,,,,,,,,,,,,,
,,,,,,,,,,,,,,,,,,,,,,,,,,,,,,,,,,,,,,,,,,,,,,,,,,,,,,,,,,,,,,,,,,,,,,,,,,,,,,,,,,,,,,,,,,,,,,,,,,,,,,,,,,,,,,,,,,,,,,,,,,,,,,,,,,,,,
"HOUSEHOLD SIZE AND COMPOSITION 2022


Copyright © 2022 by United Nations, made available under a Creative Commons license (CC BY 3.0 IGO) http://creativecommons.org/licenses/by/3.0/igo.
Suggested citation:  United Nations, Department of Economic and Social Affairs, Population Division (2022).  Database on Household Size and Composition 2022.",,,,,,,,,,,,,,,,,,,,,,,,,,,,,,,,,,,,,,,,,,,,,,,,,,,,,,,,,,,,,,,,,,,,,,,,,,,,,,,,,,,,,,,,,,,,,,,,,,,,,,,,,,,,,,,,,,,,,,,,,,,,,,,,,,,,,
,,,,,"Households by size
(percentage )",,,,,Households by age of the head of household (percentage)*,,,,"Households with at least one member in age range
(percentage)",,,,,"Households with members in age ranges
(percentage)",,,,,,Average number of household members of selected ages,,,,,Basic household types (percentage of households)**,,,,,,,,,Intergenerational household types (percentage of households)***,,,,,,,,,,,,,,,,,,,,,,,,,,,,,,,,,,,,,,,,,,,,,,,,,,,,,,,,,,,,,,,,,,,,,,,,,,,,,,,,,,,,,,,,,,,,,,
Country or area,ISO Code,Data source category,Reference date (dd/mm/yyyy),Average household size (number of members),1 member,2-3 members,4-5 members,6 or more members,Female head of household (percentage of households),Under 20 years (aged 0-19),Aged 20-64 years,Aged 60 years or over,Aged 65 years or over,Under 15 years (aged 0-14),Under 18 years (aged 0-17),Under 20 years (aged 0-19),Aged 60 years or over,Aged 65 years or over,Under 15 years AND 60 years or over,Under 15 years AND 65 years or over,Under 18 years AND 60 years or over,Under 18 years AND 65 years or over,Under 20 years AND 60 years or over,Under 20 years AND 65 years or over,Under age 15 years among all households,Under age 15 years among households with at least one member under age 15 years,Under age 20 years among all households,Under age 20 years among households with at least one member under age 20 years,Ages 20-64 years among all households,One-person,Couple only,Couple with children,Single parent with children,Single mother with children,Single father with children,Extended family,Non-relatives,Unknown,Nuclear,Multi-generation,Three generation,Skip generation,,,,,,,,,,,,,,,,,,,,,,,,,,,,,,,,,,,,,,,,,,,,,,,,,,,,,,,,,,,,,,,,,,,,,,,,,,,,,,,,,,,,,,,,,,,
Angola,24,MICS,07-01-01,4.75,7.91,26.39,31.19,34.5,..,..,..,..,..,81.02,83.83,85.89,13.96,8.78,8.34,5,9,5.38,9.24,5.49,2.3,2.84,2.81,3.27,1.84,..,..,..,..,..,..,..,..,..,..,..,..,..,,,,,,,,,,,,,,,,,,,,,,,,,,,,,,,,,,,,,,,,,,,,,,,,,,,,,,,,,,,,,,,,,,,,,,,,,,,,,,,,,,,,,,,,,,,
Angola,24,DHS,29/01/2007,5.69,4.08,19.1,30.13,46.69,24.78,1.74,89.1,14.85,8.79,84.6,87.84,89.21,19.48,12.6,13.35,8.32,14.04,8.75,14.38,8.85,2.59,3.05,3.32,3.7,2.23,4.08,4.33,36.35,6.58,5.6,0.97,47.85,0.72,0.1,47.25,27.86,20.52,3.22,,,,,,,,,,,,,,,,,,,,,,,,,,,,,,,,,,,,,,,,,,,,,,,,,,,,,,,,,,,,,,,,,,,,,,,,,,,,,,,,,,,,,,,,,,,
Angola,24,DHS,03-01-11,4.98,6.6,22.84,32.79,37.77,21.74,1.36,90.82,13.01,7.6,81.03,84.28,86.13,15.77,9.65,8.86,5.28,9.78,5.86,10.13,6.03,2.36,2.91,2.87,3.32,2,6.6,5.35,45.01,7.43,6.22,1.21,35.03,0.55,0.03,57.79,20.83,16.02,3.2,,,,,,,,,,,,,,,,,,,,,,,,,,,,,,,,,,,,,,,,,,,,,,,,,,,,,,,,,,,,,,,,,,,,,,,,,,,,,,,,,,,,,,,,,,,
Angola,24,DHS,01-01-16,4.82,10.81,23.9,28.46,36.83,34.47,1.85,88.4,12.85,7.88,75.72,78.31,79.82,14.94,9.75,8.14,4.92,8.73,5.28,8.97,5.42,2.41,3.09,2.87,3.49,1.82,10.81,5.34,36.08,13.39,12.14,1.25,32.8,1.57,0.01,54.81,17.54,13.34,3.28,,,,,,,,,,,,,,,,,,,,,,,,,,,,,,,,,,,,,,,,,,,,,,,,,,,,,,,,,,,,,,,,,,,,,,,,,,,,,,,,,,,,,,,,,,,
Cameroon,120,IPUMS,07-01-76,5.07,13.18,28.27,22.32,36.22,13.79,1.78,88.21,15.64,9.75,66.26,70.43,72.98,23.59,15.81,14.55,9.68,15.31,10.2,15.62,10.4,2.21,3.33,2.69,3.68,2.19,13.18,9.17,21.85,4.86,3.61,1.25,40.57,10.08,0.28,35.88,..,..,..,,,,,,,,,,,,,,,,,,,,,,,,,,,,,,,,,,,,,,,,,,,,,,,,,,,,,,,,,,,,,,,,,,,,,,,,,,,,,,,,,,,,,,,,,,,
Cameroon,120,IPUMS,07-01-87,5.14,14.34,25.87,21.7,38.09,18.37,2.36,87.77,15.87,9.87,68.48,72.4,74.9,22.38,14.96,14.08,9.19,14.74,9.6,15.01,9.78,2.38,3.47,2.88,3.84,2.08,14.34,6.95,22.01,5.89,4.5,1.39,42.42,8.39,0.0,34.85,..,..,..,,,,,,,,,,,,,,,,,,,,,,,,,,,,,,,,,,,,,,,,,,,,,,,,,,,,,,,,,,,,,,,,,,,,,,,,,,,,,,,,,,,,,,,,,,,
Cameroon,120,DHS,07-10-91,5.61,14.19,20.62,20.68,44.52,17.86,1.59,87.04,18.68,11.17,71.37,74.41,76.63,25.42,16.18,16.77,10.38,17.27,10.64,17.8,10.97,2.65,3.7,3.19,4.15,2.22,14.19,5.45,22,3.99,2.99,1,41.7,12.65,0.03,31.44,23.64,16.84,3.07,,,,,,,,,,,,,,,,,,,,,,,,,,,,,,,,,,,,,,,,,,,,,,,,,,,,,,,,,,,,,,,,,,,,,,,,,,,,,,,,,,,,,,,,,,,
Cameroon,120,DHS,20/04/1998,5.5,12.7,22.88,21.62,42.8,22.34,1.4,84.01,21.87,14.39,71.11,74.51,77.02,30.01,20.92,21.22,14.22,22.03,14.78,22.47,15.08,2.48,3.47,3.02,3.9,2.22,12.7,5.68,21.72,5.25,4.13,1.12,47.47,7.11,0.07,32.65,26.79,18.06,3.52,,,,,,,,,,,,,,,,,,,,,,,,,,,,,,,,,,,,,,,,,,,,,,,,,,,,,,,,,,,,,,,,,,,,,,,,,,,,,,,,,,,,,,,,,,,
Cameroon,120,MICS,07-01-00,5.79,10.12,20.25,23.48,46.15,..,..,..,..,..,74.51,77.74,79.69,29.39,19.06,20.36,12.64,21.35,13.35,21.83,13.65,2.56,3.4,3.2,3.97,2.34,..,..,..,..,..,..,..,..,..,..,..,..,..,,,,,,,,,,,,,,,,,,,,,,,,,,,,,,,,,,,,,,,,,,,,,,,,,,,,,,,,,,,,,,,,,,,,,,,,,,,,,,,,,,,,,,,,,,,
Cameroon,120,DHS,06-06-04,4.79,17.6,24.81,22.36,35.23,24,2.67,85.24,18.7,12.03,67.24,71.17,74.38,23.47,15.79,15.29,9.81,16.14,10.43,16.51,10.69,2.12,3.15,2.64,3.55,1.97,17.6,5.49,22.14,7.22,5.43,1.79,43.75,3.71,0.1,34.84,21.31,14.46,3.87,,,,,,,,,,,,,,,,,,,,,,,,,,,,,,,,,,,,,,,,,,,,,,,,,,,,,,,,,,,,,,,,,,,,,,,,,,,,,,,,,,,,,,,,,,,
Cameroon,120,IPUMS,07-01-05,5.12,12.59,23.39,24.31,39.71,22.86,2.09,86.97,16.23,10.78,70.41,74.91,77.88,21.05,14.83,14.03,9.63,15.03,10.33,15.48,10.64,2.24,3.18,2.81,3.6,2.14,12.59,4.83,28.91,9.61,7.63,1.97,39.17,4.77,0.12,43.34,24.03,8.66,1.19,,,,,,,,,,,,,,,,,,,,,,,,,,,,,,,,,,,,,,,,,,,,,,,,,,,,,,,,,,,,,,,,,,,,,,,,,,,,,,,,,,,,,,,,,,,
Cameroon,120,MICS,07-01-06,4.51,18.09,25.62,24.01,32.29,25.85,1.48,85.67,19.44,12.51,65.48,69.29,72.45,22.43,15.01,13.74,8.79,14.73,9.43,15.18,9.72,1.97,2.99,2.44,3.35,1.89,18.09,5.45,25.2,9.23,7.7,1.53,39.54,2.42,0.08,39.88,19.44,12.31,4.49,,,,,,,,,,,,,,,,,,,,,,,,,,,,,,,,,,,,,,,,,,,,,,,,,,,,,,,,,,,,,,,,,,,,,,,,,,,,,,,,,,,,,,,,,,,
Cameroon,120,DHS,05-02-11,4.99,15.14,22.69,24.44,37.72,25.42,1.31,84.79,20.92,13.85,70.54,74.06,76.62,26.02,18.28,17.54,11.86,18.76,12.73,19.28,13.01,2.23,3.17,2.74,3.57,2.04,15.14,4.04,25.11,7.3,5.84,1.45,42.97,5.26,0.18,36.45,24.31,17.24,4.45,,,,,,,,,,,,,,,,,,,,,,,,,,,,,,,,,,,,,,,,,,,,,,,,,,,,,,,,,,,,,,,,,,,,,,,,,,,,,,,,,,,,,,,,,,,
Cameroon,120,MICS,07-01-14,4.56,18.67,24.89,23.82,32.62,26.44,1.28,85.62,20.16,13,66.6,69.94,72.96,24.15,16.41,15.72,10.14,16.76,10.93,17.25,11.31,2.02,3.03,2.46,3.36,1.92,18.67,4.74,26.63,8.53,7.04,1.49,38.91,2.49,0.02,39.91,21.73,14.26,4.87,,,,,,,,,,,,,,,,,,,,,,,,,,,,,,,,,,,,,,,,,,,,,,,,,,,,,,,,,,,,,,,,,,,,,,,,,,,,,,,,,,,,,,,,,,,
Cameroon,120,DHS,15/09/2018,4.99,15.3,22.79,24.73,37.18,26.04,0.79,85.66,19.82,13.32,69.53,72.69,75.24,23.72,16.84,15.81,10.98,16.91,11.76,17.44,12.08,2.24,3.2,2.75,3.64,2.04,15.3,4.27,27.72,8.7,7.43,1.27,39.36,4.64,0.01,40.69,23.31,15.3,4.18,,,,,,,,,,,,,,,,,,,,,,,,,,,,,,,,,,,,,,,,,,,,,,,,,,,,,,,,,,,,,,,,,,,,,,,,,,,,,,,,,,,,,,,,,,,
Côte d’Ivoire,384,DHS,09-03-94,6.22,13.88,19.59,19.81,46.71,15.11,1.33,88.4,17.58,10.11,72.77,75.61,77.88,22.78,14,18.34,10.95,18.87,11.37,19.13,11.58,2.89,3.97,3.51,4.49,2.54,13.88,3.88,19.54,3.72,2.55,1.17,46.06,12.88,0.04,27.14,23.63,18.4,2.45,,,,,,,,,,,,,,,,,,,,,,,,,,,,,,,,,,,,,,,,,,,,,,,,,,,,,,,,,,,,,,,,,,,,,,,,,,,,,,,,,,,,,,,,,,,
Côte d’Ivoire,384,DHS,17/12/1998,6.19,11.41,21.79,20.36,46.44,14.24,1.16,88.62,17.26,9.93,72.8,75.55,78.56,22.52,14.24,18.71,11.95,19.18,12.37,19.44,12.52,2.71,3.7,3.35,4.24,2.63,11.41,5.05,18.14,3.21,2.2,1.01,46.58,15.53,0.09,26.39,25.86,18.4,2.21,,,,,,,,,,,,,,,,,,,,,,,,,,,,,,,,,,,,,,,,,,,,,,,,,,,,,,,,,,,,,,,,,,,,,,,,,,,,,,,,,,,,,,,,,,,
Côte d’Ivoire,384,DHS,14/09/2005,5.48,11.44,22.19,24.38,41.99,18.32,0.95,89.02,15.46,9.84,72.58,75.45,78.09,20.23,13.51,15.55,10.21,16.14,10.65,16.52,10.89,2.31,3.17,2.86,3.65,2.46,11.44,3.78,23.84,4.15,2.49,1.66,45.78,10.92,0.09,31.77,24.31,16.47,2.34,,,,,,,,,,,,,,,,,,,,,,,,,,,,,,,,,,,,,,,,,,,,,,,,,,,,,,,,,,,,,,,,,,,,,,,,,,,,,,,,,,,,,,,,,,,
Côte d’Ivoire,384,DHS,03-02-12,5.09,12.18,24.73,25.87,37.22,17.94,1.51,87.39,18.65,10.99,73.07,76.16,78.72,22.72,14.61,16.77,10.55,17.43,10.96,17.76,11.2,2.2,3.01,2.65,3.36,2.26,12.18,4.61,25.32,5.26,3.03,2.24,41.08,11.54,0.01,35.19,23.6,16.78,3.38,,,,,,,,,,,,,,,,,,,,,,,,,,,,,,,,,,,,,,,,,,,,,,,,,,,,,,,,,,,,,,,,,,,,,,,,,,,,,,,,,,,,,,,,,,,
Côte d’Ivoire,384,MICS,07-01-16,4.58,17,25.12,26.08,31.8,17.51,2.01,89.06,14.2,8.54,67.62,71.03,73.38,17.26,11.1,12.4,7.81,13.17,8.31,13.61,8.59,1.95,2.86,2.36,3.19,2.08,17,4.77,27.64,6.1,4.32,1.78,37.44,7.01,0.05,38.5,19.75,13.16,3.11,,,,,,,,,,,,,,,,,,,,,,,,,,,,,,,,,,,,,,,,,,,,,,,,,,,,,,,,,,,,,,,,,,,,,,,,,,,,,,,,,,,,,,,,,,,
Dem. Republic of the Congo,180,MICS,07-01-01,6.29,2.21,16.67,27.08,54.04,14.45,0.42,91.98,12.39,7.6,88.74,91.06,92.6,17.53,11.7,13.68,8.9,14.37,9.34,14.68,9.56,3.04,3.43,3.74,4.04,2.41,2.21,3.82,41.4,6.09,5.31,0.78,43.29,1.78,1.42,51.31,28.15,18.61,2.39,,,,,,,,,,,,,,,,,,,,,,,,,,,,,,,,,,,,,,,,,,,,,,,,,,,,,,,,,,,,,,,,,,,,,,,,,,,,,,,,,,,,,,,,,,,
Dem. Republic of the Congo,180,DHS,05-09-07,5.45,6.73,21.47,26.8,45,20.8,0.92,90.37,14.49,8.71,81.13,84.05,85.96,18.36,11.58,12.42,7.54,13.23,8,13.72,8.35,2.6,3.2,3.12,3.62,2.2,6.73,4.66,38.34,7.84,6.65,1.18,40.35,2.03,0.06,50.84,25.24,16.02,3.21,,,,,,,,,,,,,,,,,,,,,,,,,,,,,,,,,,,,,,,,,,,,,,,,,,,,,,,,,,,,,,,,,,,,,,,,,,,,,,,,,,,,,,,,,,,
Dem. Republic of the Congo,180,MICS,07-01-10,5.32,5.9,21.86,28.62,43.62,18.33,0.77,91.33,13.54,7.84,81.85,84.63,86.31,16.74,10.41,11.38,6.67,12.06,7.08,12.46,7.31,2.57,3.14,3.07,3.55,2.14,5.9,4.97,42.29,7.34,6.35,0.99,36.57,2.23,0.7,54.61,22.61,14.72,3.39,,,,,,,,,,,,,,,,,,,,,,,,,,,,,,,,,,,,,,,,,,,,,,,,,,,,,,,,,,,,,,,,,,,,,,,,,,,,,,,,,,,,,,,,,,,
Dem. Republic of the Congo,180,DHS,11-10-13,5.3,7.25,21.19,27.81,43.74,24.95,1.08,89.69,16.32,9.23,82.1,84.52,86.2,19.57,12.11,13.08,7.91,13.72,8.27,14.07,8.48,2.7,3.29,3.17,3.68,1.99,7.25,4.71,36.7,10.7,9.05,1.65,38.54,2.1,0.0,52.11,24.86,18.8,4.38,,,,,,,,,,,,,,,,,,,,,,,,,,,,,,,,,,,,,,,,,,,,,,,,,,,,,,,,,,,,,,,,,,,,,,,,,,,,,,,,,,,,,,,,,,,
Dem. Republic of the Congo,180,MICS,07-01-17,5.17,7.55,22.77,28.5,41.18,28.47,1.18,89.2,15.83,9.61,79.59,82.21,84.72,18.25,11.69,11,6.75,11.78,7.29,12.51,7.72,2.53,3.17,3.04,3.59,1.98,7.55,4.78,37.69,13.85,12,1.85,35.32,0.81,0.0,56.32,22.71,14.7,4.06,,,,,,,,,,,,,,,,,,,,,,,,,,,,,,,,,,,,,,,,,,,,,,,,,,,,,,,,,,,,,,,,,,,,,,,,,,,,,,,,,,,,,,,,,,,
Egypt,818,IPUMS,07-01-86,4.85,6.62,24.21,32.38,36.79,12.64,1.47,85.51,18.03,11.03,69.66,74.7,78.25,24.83,16.12,11.67,7.49,13.35,8.4,14.53,9.07,1.9,2.72,2.4,3.07,2.26,6.62,7.49,55.51,8.86,6.19,2.66,20.21,1.26,0.05,71.85,..,..,..,,,,,,,,,,,,,,,,,,,,,,,,,,,,,,,,,,,,,,,,,,,,,,,,,,,,,,,,,,,,,,,,,,,,,,,,,,,,,,,,,,,,,,,,,,,
Egypt,818,DHS,23/12/1992,5.65,4.61,18.44,30.56,46.39,11.69,0.27,87.64,20.21,12.07,75.5,79.99,82.63,27.99,17.9,16.34,10.22,17.81,10.94,18.68,11.28,2.28,3.02,2.88,3.48,2.57,4.61,5.4,55.3,6.39,5.55,0.83,27.85,0.39,0.07,67.08,41.88,18.76,0.27,,,,,,,,,,,,,,,,,,,,,,,,,,,,,,,,,,,,,,,,,,,,,,,,,,,,,,,,,,,,,,,,,,,,,,,,,,,,,,,,,,,,,,,,,,,
Egypt,818,DHS,19/12/1995,5.33,5.4,20.3,33.04,41.25,12.64,0.32,87.65,19.64,12.01,72.49,77.98,80.74,27.22,17.58,14.31,9.19,16.07,10.06,17.01,10.58,2.06,2.85,2.67,3.31,2.46,5.4,6.15,57.72,7.3,6.41,0.89,23.21,0.22,0.01,71.17,39.88,15.5,0.5,,,,,,,,,,,,,,,,,,,,,,,,,,,,,,,,,,,,,,,,,,,,,,,,,,,,,,,,,,,,,,,,,,,,,,,,,,,,,,,,,,,,,,,,,,,
Egypt,818,IPUMS,07-01-96,4.64,6.39,25.99,34.72,32.91,13.96,0.61,88.44,18.23,10.93,68.38,73.98,77.51,22.44,14.02,8.32,4.94,9.98,5.76,11.07,6.31,1.75,2.56,2.29,2.95,2.19,6.39,8.48,62.37,9.18,8.05,1.13,12.93,0.65,0.0,80.03,..,..,..,,,,,,,,,,,,,,,,,,,,,,,,,,,,,,,,,,,,,,,,,,,,,,,,,,,,,,,,,,,,,,,,,,,,,,,,,,,,,,,,,,,,,,,,,,,
Egypt,818,DHS,20/03/2000,5.25,4.97,20.29,35.03,39.7,12,0.15,87.87,19.87,11.97,71.97,77.79,81.04,26.68,17.06,13.52,8.36,15.28,9.29,16.28,9.77,1.92,2.66,2.54,3.14,2.51,4.97,6.03,59.74,6.88,5.85,1.03,22.09,0.29,0.0,72.65,40.21,14.66,0.48,,,,,,,,,,,,,,,,,,,,,,,,,,,,,,,,,,,,,,,,,,,,,,,,,,,,,,,,,,,,,,,,,,,,,,,,,,,,,,,,,,,,,,,,,,,
Egypt,818,DHS,06-06-03,5.05,5.76,22.51,36.35,35.37,12.83,0.14,87.42,20.03,12.42,69.4,75.98,79.22,26.29,17.35,12.92,8.74,14.65,9.72,15.7,10.27,1.72,2.47,2.34,2.95,2.51,5.76,6.94,55.44,7.24,6.22,1.02,24.37,0.26,0.0,69.62,40.43,15.83,0.42,,,,,,,,,,,,,,,,,,,,,,,,,,,,,,,,,,,,,,,,,,,,,,,,,,,,,,,,,,,,,,,,,,,,,,,,,,,,,,,,,,,,,,,,,,,
Egypt,818,DHS,06-02-05,4.88,5.27,23.7,38.75,32.27,12.34,0.2,87.42,19.85,12.39,66.74,74.16,78.45,25.92,17.22,11.02,7.34,13.04,8.4,14.29,9.09,1.62,2.43,2.21,2.82,2.47,5.27,7.59,61.05,7.07,6.14,0.93,18.78,0.24,0.0,75.71,39.02,12.59,0.36,,,,,,,,,,,,,,,,,,,,,,,,,,,,,,,,,,,,,,,,,,,,,,,,,,,,,,,,,,,,,,,,,,,,,,,,,,,,,,,,,,,,,,,,,,,
Egypt,818,IPUMS,07-01-06,4.19,6.6,29.93,41.18,22.28,13.84,0.32,88.46,17.94,11.22,61.59,68.31,73.6,21.09,13.76,5.09,3.27,6.63,4.05,8.02,4.75,1.34,2.17,1.82,2.48,2.21,6.6,9.75,64.28,9.55,7.97,1.59,9.29,0.52,0.0,83.58,32.16,4.61,0.21,,,,,,,,,,,,,,,,,,,,,,,,,,,,,,,,,,,,,,,,,,,,,,,,,,,,,,,,,,,,,,,,,,,,,,,,,,,,,,,,,,,,,,,,,,,
Egypt,818,DHS,23/04/2008,4.61,5.48,26.1,40.62,27.8,13.45,0.19,87.59,19.48,12.21,65.43,71.66,76.01,24.5,16.23,9.1,6.22,10.53,6.97,11.68,7.59,1.52,2.33,2.01,2.65,2.41,5.48,8.67,61.34,7.79,7.09,0.7,16.52,0.2,0.0,77.8,37.36,11.33,0.34,,,,,,,,,,,,,,,,,,,,,,,,,,,,,,,,,,,,,,,,,,,,,,,,,,,,,,,,,,,,,,,,,,,,,,,,,,,,,,,,,,,,,,,,,,,
Egypt,818,MICS,07-01-13,4.61,4.27,27.54,37.72,30.47,12.31,0.16,89.33,17.5,10.51,71.86,77.44,80.98,20.08,12.57,6.91,3.94,8.53,4.69,9.57,5.18,1.79,2.49,2.24,2.77,2.21,4.27,9.52,69.55,7.44,6.88,0.56,9.21,0.0,0.0,86.52,27.42,6.26,0.12,,,,,,,,,,,,,,,,,,,,,,,,,,,,,,,,,,,,,,,,,,,,,,,,,,,,,,,,,,,,,,,,,,,,,,,,,,,,,,,,,,,,,,,,,,,
Egypt,818,DHS,20/05/2014,4.13,6.48,30.4,43.12,20,12.93,0.06,87.59,21.55,12.35,63.44,69,72.74,25.39,15.36,7.06,4.16,8.43,4.79,9.41,5.21,1.41,2.23,1.79,2.46,2.17,6.48,10.53,65.04,7.09,6.21,0.88,10.73,0.13,0.0,82.66,30.63,7.54,0.23,,,,,,,,,,,,,,,,,,,,,,,,,,,,,,,,,,,,,,,,,,,,,,,,,,,,,,,,,,,,,,,,,,,,,,,,,,,,,,,,,,,,,,,,,,,
Ethiopia,231,IPUMS,07-01-94,4.78,6.11,27.29,31.18,35.42,22.34,1.22,87.47,18.4,11.31,79.9,84.45,87.34,21.72,13.87,15.18,9.35,16.65,10.32,17.3,10.74,2.19,2.73,2.72,3.11,1.91,6.11,5.97,48.04,13.03,11.6,1.43,..,..,0.0,67.04,..,..,..,,,,,,,,,,,,,,,,,,,,,,,,,,,,,,,,,,,,,,,,,,,,,,,,,,,,,,,,,,,,,,,,,,,,,,,,,,,,,,,,,,,,,,,,,,,
Ethiopia,231,DHS,04-01-00,4.82,5.13,25.95,33.39,35.54,23.54,1.67,86.18,18.24,12.12,82.05,86.66,89.16,22.9,15.76,16.72,11.16,18.41,12.46,19.11,12.97,2.19,2.66,2.73,3.06,1.92,5.13,4.23,43.86,10.89,9.79,1.1,28.56,7.32,0.02,58.98,24.27,11.98,4,,,,,,,,,,,,,,,,,,,,,,,,,,,,,,,,,,,,,,,,,,,,,,,,,,,,,,,,,,,,,,,,,,,,,,,,,,,,,,,,,,,,,,,,,,,
Ethiopia,231,DHS,28/06/2005,5.03,5,22.88,32.49,39.63,22.76,1.35,85.07,21.16,13.4,83.31,86.94,89.49,25.55,16.63,19.14,12.07,20.53,12.95,21.28,13.38,2.39,2.86,2.9,3.23,1.95,5,3.68,48.75,9.89,8.72,1.17,27.69,4.98,0.01,62.32,25.58,11.76,3.77,,,,,,,,,,,,,,,,,,,,,,,,,,,,,,,,,,,,,,,,,,,,,,,,,,,,,,,,,,,,,,,,,,,,,,,,,,,,,,,,,,,,,,,,,,,
Ethiopia,231,DYB,07-01-07,4.69,8.3,26.22,29.84,35.65,23.52,2.38,86.61,16.78,11.02,..,..,..,..,..,..,..,..,..,..,..,..,..,..,..,..,..,..,..,..,..,..,..,..,..,..,..,..,..,,,,,,,,,,,,,,,,,,,,,,,,,,,,,,,,,,,,,,,,,,,,,,,,,,,,,,,,,,,,,,,,,,,,,,,,,,,,,,,,,,,,,,,,,,,
Ethiopia,231,IPUMS,07-01-07,4.45,8.34,27.8,31.24,32.62,24.19,2.41,86.06,17.25,11.53,75.6,80.88,85.01,19.55,13.4,12.41,8.15,13.95,9.19,14.73,9.72,1.98,2.63,2.49,2.93,1.8,8.34,5.39,48.23,12.2,10.96,1.24,21.12,4.74,0.0,65.81,18.22,6.3,2.97,,,,,,,,,,,,,,,,,,,,,,,,,,,,,,,,,,,,,,,,,,,,,,,,,,,,,,,,,,,,,,,,,,,,,,,,,,,,,,,,,,,,,,,,,,,
Ethiopia,231,DHS,16/03/2011,4.64,7.58,26.89,31.87,33.66,26.07,1.71,84.1,20.63,14.18,78.63,82.4,85.82,24.56,17.28,17.4,11.6,18.71,12.58,19.54,13.21,2.14,2.72,2.61,3.04,1.83,7.58,4.67,45.94,10.24,9.35,0.9,26.88,4.66,0.03,60.85,21.91,10.81,4.39,,,,,,,,,,,,,,,,,,,,,,,,,,,,,,,,,,,,,,,,,,,,,,,,,,,,,,,,,,,,,,,,,,,,,,,,,,,,,,,,,,,,,,,,,,,
Ethiopia,231,DHS,04-07-16,4.61,7.52,27.01,32,33.47,25.36,1.18,84.09,23.39,14.68,78.33,82.05,84.91,27.47,18.31,18.96,12.08,20.67,13.24,21.59,13.79,2.16,2.75,2.57,3.03,1.83,7.52,4.77,47.07,11.65,10.25,1.4,25.37,3.63,v,63.48,22.52,11.67,4.09,,,,,,,,,,,,,,,,,,,,,,,,,,,,,,,,,,,,,,,,,,,,,,,,,,,,,,,,,,,,,,,,,,,,,,,,,,,,,,,,,,,,,,,,,,,
Ethiopia,231,DHS,04-07-19,4.73,6.36,27.23,31.32,35.1,22.03,1.77,83.75,20.36,13.69,75.83,80.56,84.79,24.66,17.08,16.6,11.01,18.52,12.25,19.45,12.91,2.05,2.68,2.6,3.05,1.93,6.36,5.21,48.64,9.05,8,1.05,26.47,4.28,0,62.9,25.06,11.45,3.75,,,,,,,,,,,,,,,,,,,,,,,,,,,,,,,,,,,,,,,,,,,,,,,,,,,,,,,,,,,,,,,,,,,,,,,,,,,,,,,,,,,,,,,,,,,
Kenya,404,IPUMS,07-01-69,5.34,12.55,23.08,22.98,41.39,28.61,3.64,85.37,17.05,10.99,71.33,75.32,78.74,23.35,15.95,16.59,11.29,17.45,11.84,17.99,12.18,2.48,3.48,3.03,3.85,2.13,12.55,3.96,19.86,12.45,10.23,2.21,30.37,20.82,0.0,36.27,18.22,10.11,1.44,,,,,,,,,,,,,,,,,,,,,,,,,,,,,,,,,,,,,,,,,,,,,,,,,,,,,,,,,,,,,,,,,,,,,,,,,,,,,,,,,,,,,,,,,,,
Kenya,404,IPUMS,07-01-89,4.9,14.05,23.62,24.23,38.1,35.04,2.6,86.22,16.06,11.04,71.14,74.31,76.88,19.61,14.08,12.84,8.98,13.71,9.59,14.13,9.87,2.36,3.3,2.9,3.76,1.84,14.05,4.03,25.5,16.11,13.99,2.12,31.08,9.02,0.2,45.65,..,..,..,,,,,,,,,,,,,,,,,,,,,,,,,,,,,,,,,,,,,,,,,,,,,,,,,,,,,,,,,,,,,,,,,,,,,,,,,,,,,,,,,,,,,,,,,,,
Kenya,404,DHS,05-11-93,4.8,14.48,23.14,25.25,37.13,32.69,0.76,85.28,20.57,13.23,71.16,74.05,76.29,22.9,15.06,13.76,8.74,14.79,9.37,15.59,9.9,2.35,3.26,2.83,3.67,1.79,14.48,4.17,29.38,14.62,12.96,1.66,31.27,6.01,0.07,48.17,22.52,15.39,4.07,,,,,,,,,,,,,,,,,,,,,,,,,,,,,,,,,,,,,,,,,,,,,,,,,,,,,,,,,,,,,,,,,,,,,,,,,,,,,,,,,,,,,,,,,,,
Kenya,404,DHS,05-01-98,4.29,15.78,26.2,28.31,29.71,31.75,1.08,86.19,18.81,12.52,68.8,72.11,74.57,20.08,13.66,10.48,6.65,11.43,7.28,11.91,7.53,1.96,2.84,2.41,3.22,1.72,15.78,5.25,31.04,15.37,13.22,2.15,26.45,6.01,0.09,51.67,19.13,11.91,3.87,,,,,,,,,,,,,,,,,,,,,,,,,,,,,,,,,,,,,,,,,,,,,,,,,,,,,,,,,,,,,,,,,,,,,,,,,,,,,,,,,,,,,,,,,,,
Kenya,404,IPUMS,07-01-99,4.43,14.46,27.18,27.37,31,36.84,2.51,87.33,14.67,10.14,69.59,73.55,76.46,17.84,12.86,11.13,7.78,12.12,8.49,12.58,8.81,1.93,2.77,2.45,3.21,1.83,14.46,4.6,24.99,14.23,12.43,1.8,33.45,8.26,0.0,43.83,..,..,..,,,,,,,,,,,,,,,,,,,,,,,,,,,,,,,,,,,,,,,,,,,,,,,,,,,,,,,,,,,,,,,,,,,,,,,,,,,,,,,,,,,,,,,,,,,
Kenya,404,MICS,07-01-00,5.07,3.29,22.47,37.19,37.05,27.44,0.53,90.02,12.62,8.04,85.76,88.29,89.35,13.53,8.92,10.61,6.99,11.31,7.45,11.67,7.64,2.43,2.7,2.95,3.15,1.97,3.29,1.39,42.77,14.25,12.8,1.46,29.24,4.77,4.29,58.41,..,..,..,,,,,,,,,,,,,,,,,,,,,,,,,,,,,,,,,,,,,,,,,,,,,,,,,,,,,,,,,,,,,,,,,,,,,,,,,,,,,,,,,,,,,,,,,,,
Kenya,404,DHS,20/06/2003,4.36,13.99,26.41,29.71,29.89,31.75,1.08,87.24,16.56,11.47,70.65,74.05,76.82,18.48,13.13,10.66,7.11,11.49,7.62,12.18,8.13,1.94,2.73,2.41,3.13,1.8,13.99,4.96,32.66,14.72,12.92,1.8,27.14,6.45,0.08,52.34,20.49,12.59,3.76,,,,,,,,,,,,,,,,,,,,,,,,,,,,,,,,,,,,,,,,,,,,,,,,,,,,,,,,,,,,,,,,,,,,,,,,,,,,,,,,,,,,,,,,,,,
Kenya,404,DHS,01-04-09,4.21,14.88,28.2,30.31,26.61,33.9,0.86,86.06,18.54,12.95,69.4,72.8,75.56,20.27,14.51,11.7,8.04,13.02,8.97,13.71,9.44,1.87,2.69,2.29,3.03,1.74,14.88,5.07,31.15,15.4,13.75,1.66,28.56,4.84,0.1,51.62,20.57,12.72,5.12,,,,,,,,,,,,,,,,,,,,,,,,,,,,,,,,,,,,,,,,,,,,,,,,,,,,,,,,,,,,,,,,,,,,,,,,,,,,,,,,,,,,,,,,,,,
Kenya,404,IPUMS,07-01-09,4.29,16.61,26.48,28.17,28.74,31.51,1.36,86.38,14.98,10.21,68.19,72.21,75.01,17.47,12.51,10.25,7.08,11.3,7.82,11.81,8.19,1.85,2.71,2.31,3.08,1.83,16.61,4.32,29.6,14.36,12.41,1.95,28.26,6.85,0.0,48.28,19.78,11.08,3.75,,,,,,,,,,,,,,,,,,,,,,,,,,,,,,,,,,,,,,,,,,,,,,,,,,,,,,,,,,,,,,,,,,,,,,,,,,,,,,,,,,,,,,,,,,,
Kenya,404,DHS,30/07/2014,3.92,19.29,28.01,29.73,22.97,32.19,0.94,87.62,16.83,11.42,65.5,68.95,71.21,18.54,13,10.6,7.11,11.62,7.82,12.12,8.16,1.68,2.56,2.08,2.92,1.69,19.29,4.85,31.98,14.19,12.51,1.68,24.93,4.76,0.0,51.02,18,11.18,4.57,,,,,,,,,,,,,,,,,,,,,,,,,,,,,,,,,,,,,,,,,,,,,,,,,,,,,,,,,,,,,,,,,,,,,,,,,,,,,,,,,,,,,,,,,,,
Kenya,404,DHS,26/07/2015,3.64,21.6,31.06,27.84,19.49,36.07,1.03,86.26,16.79,11.63,62.16,64.98,67.25,18.09,12.84,9.83,6.68,10.77,7.45,11.3,7.86,1.54,2.44,1.86,2.72,1.62,21.6,5.44,29.62,14.91,13.08,1.83,23.89,4.5,0.04,49.97,15.4,9.96,4.62,,,,,,,,,,,,,,,,,,,,,,,,,,,,,,,,,,,,,,,,,,,,,,,,,,,,,,,,,,,,,,,,,,,,,,,,,,,,,,,,,,,,,,,,,,,
Kenya,404,DYB,07-01-19,..,20.36,28.59,27.98,23.07,38.12,1.41,87.34,16.28,11.25,..,..,..,..,..,..,..,..,..,..,..,..,..,..,..,..,20.36,5.03,28.48,14.25,..,..,..,..,31.88,47.76,..,..,..,,,,,,,,,,,,,,,,,,,,,,,,,,,,,,,,,,,,,,,,,,,,,,,,,,,,,,,,,,,,,,,,,,,,,,,,,,,,,,,,,,,,,,,,,,,
Kenya,404,DHS,12-01-20,3.75,19.43,29.38,31.46,19.73,31.01,0.69,85.03,20.07,13.88,59.91,64.98,67.15,21.67,15.1,10.21,6.84,12.06,8.24,12.64,8.73,1.45,2.4,1.83,2.7,1.74,19.43,6.22,32.55,12.43,10.17,2.26,25.29,4.08,0.0,51.2,20.92,11.13,5.22,,,,,,,,,,,,,,,,,,,,,,,,,,,,,,,,,,,,,,,,,,,,,,,,,,,,,,,,,,,,,,,,,,,,,,,,,,,,,,,,,,,,,,,,,,,
Madagascar,450,DHS,08-08-92,5.18,6.57,24.4,29.17,39.86,21.67,0.99,86.49,17.8,10.84,78.08,81.28,83.33,21.4,13.7,14.62,9.1,15.51,9.64,16.03,9.99,2.39,2.99,2.93,3.44,2.06,6.57,5.58,41.63,9.05,7.13,1.93,31.48,5.66,0.02,56.27,25.62,17.03,4.69,,,,,,,,,,,,,,,,,,,,,,,,,,,,,,,,,,,,,,,,,,,,,,,,,,,,,,,,,,,,,,,,,,,,,,,,,,,,,,,,,,,,,,,,,,,
Madagascar,450,DHS,19/10/1997,4.91,6.68,26.06,30.69,36.57,21.56,1.8,87.12,17.93,10.91,78.97,82.76,85.38,21.06,13.12,14.2,8.69,15.21,9.26,15.82,9.58,2.26,2.85,2.77,3.24,1.98,6.68,6.21,44.75,8.83,7.31,1.52,29.35,4.15,0.03,59.79,24.3,16.1,4.5,,,,,,,,,,,,,,,,,,,,,,,,,,,,,,,,,,,,,,,,,,,,,,,,,,,,,,,,,,,,,,,,,,,,,,,,,,,,,,,,,,,,,,,,,,,
Madagascar,450,MICS,07-01-00,5.1,3.67,24.57,34.6,37.16,..,..,..,..,..,85.29,87.52,89.16,15.49,9.65,11.33,6.87,11.81,7.13,12.17,7.4,2.49,2.88,2.96,3.27,2.03,..,..,..,..,..,..,..,..,..,..,..,..,..,,,,,,,,,,,,,,,,,,,,,,,,,,,,,,,,,,,,,,,,,,,,,,,,,,,,,,,,,,,,,,,,,,,,,,,,,,,,,,,,,,,,,,,,,,,
Madagascar,450,DHS,25/01/2004,4.66,7.22,27.78,33.52,31.48,21.68,1.66,88.2,15.86,10.03,79.49,82.61,84.6,18.53,12.25,12.22,7.91,12.87,8.39,13.16,8.58,2.19,2.75,2.61,3.08,1.91,7.22,5.93,46.52,9.99,8.21,1.79,27.46,2.8,0.08,62.44,21.48,15.18,4.74,,,,,,,,,,,,,,,,,,,,,,,,,,,,,,,,,,,,,,,,,,,,,,,,,,,,,,,,,,,,,,,,,,,,,,,,,,,,,,,,,,,,,,,,,,,
Madagascar,450,DHS,17/03/2009,4.73,7.12,26.85,32.65,33.38,22.25,2.26,88.23,14.99,9.46,79.47,83.49,85.69,17.99,11.7,11.44,7.1,12.41,7.8,12.8,7.99,2.2,2.77,2.69,3.13,1.9,7.12,5.73,45.48,8.58,7.03,1.55,28.5,4.41,0.18,59.79,20.18,15.32,4.63,,,,,,,,,,,,,,,,,,,,,,,,,,,,,,,,,,,,,,,,,,,,,,,,,,,,,,,,,,,,,,,,,,,,,,,,,,,,,,,,,,,,,,,,,,,
Madagascar,450,DHS,30/04/2011,4.95,5.34,25.3,33.14,36.22,23.4,2.01,88.51,14.64,9.26,83.48,86.66,88.35,17.97,11.84,12.9,8.17,13.53,8.5,13.94,8.77,2.4,2.87,2.88,3.25,1.93,5.34,4.87,46.46,9.68,7.74,1.94,29.68,3.97,0.0,61.01,22.28,17.39,4.94,,,,,,,,,,,,,,,,,,,,,,,,,,,,,,,,,,,,,,,,,,,,,,,,,,,,,,,,,,,,,,,,,,,,,,,,,,,,,,,,,,,,,,,,,,,
Madagascar,450,MICS,07-01-18,4.5,7.11,29.97,34.64,28.28,22.21,2.26,88.62,15.16,9.11,77.66,81.81,85.1,17.74,11.07,10.42,6.27,11.5,6.92,12.18,7.3,1.94,2.5,2.47,2.91,1.89,7.11,6.28,47.65,9.53,8.19,1.33,25.91,3.52,0.0,63.46,21.39,14.51,4.75,,,,,,,,,,,,,,,,,,,,,,,,,,,,,,,,,,,,,,,,,,,,,,,,,,,,,,,,,,,,,,,,,,,,,,,,,,,,,,,,,,,,,,,,,,,
Morocco,504,IPUMS,07-01-82,5.9,7.22,19.02,22.94,50.82,15.17,0.79,86.7,20.62,12.51,75.47,79.39,81.89,30.92,20.41,20.47,13.24,21.99,14.15,22.91,14.72,2.51,3.33,3.16,3.85,2.51,7.22,5.33,40.77,6.79,5.95,0.84,33.19,6.46,0.24,52.89,..,..,..,,,,,,,,,,,,,,,,,,,,,,,,,,,,,,,,,,,,,,,,,,,,,,,,,,,,,,,,,,,,,,,,,,,,,,,,,,,,,,,,,,,,,,,,,,,
Morocco,504,DHS,15/03/1992,6.02,5.22,17.26,24.38,53.15,16.3,0.29,83.48,26.19,16.08,74.59,79.03,81.6,36.26,23.81,23.2,14.93,25.08,16.11,26.42,16.92,2.36,3.16,3.02,3.7,2.72,5.22,4.5,42.12,7.11,6.36,0.75,36.02,4.95,0.09,53.73,46.36,22.28,0.9,,,,,,,,,,,,,,,,,,,,,,,,,,,,,,,,,,,,,,,,,,,,,,,,,,,,,,,,,,,,,,,,,,,,,,,,,,,,,,,,,,,,,,,,,,,
Morocco,504,IPUMS,07-01-94,5.83,5.95,18.98,25,50.08,15.66,0.7,84.87,22.79,14.34,73.43,77.9,80.76,32.31,22.02,20.13,13.52,22.09,14.71,23.3,15.46,2.18,2.96,2.82,3.49,2.75,5.95,4.79,44.71,7.14,6.45,0.69,27.07,10.27,0.07,56.65,43.89,18.51,0.58,,,,,,,,,,,,,,,,,,,,,,,,,,,,,,,,,,,,,,,,,,,,,,,,,,,,,,,,,,,,,,,,,,,,,,,,,,,,,,,,,,,,,,,,,,,
Morocco,504,DHS,24/12/2003,5.36,4.54,19.39,33.75,42.32,17.03,0.22,83.18,24.08,16.47,70.47,75.96,79.09,33.15,24.07,18.57,13.42,20.51,14.63,21.94,15.54,1.7,2.41,2.28,2.87,2.78,4.54,4.1,48.39,8.36,7.69,0.67,30.91,3.55,0.14,60.85,48.74,19.37,0.45,,,,,,,,,,,,,,,,,,,,,,,,,,,,,,,,,,,,,,,,,,,,,,,,,,,,,,,,,,,,,,,,,,,,,,,,,,,,,,,,,,,,,,,,,,,
Morocco,504,IPUMS,07-01-04,5.24,5.88,21.48,31.96,40.68,16.36,0.29,83.2,23.91,16.27,68.42,73.58,76.76,32.14,23.58,17.55,12.79,19.57,14.08,20.9,14.94,1.63,2.38,2.19,2.83,2.76,5.88,4.34,46.41,10.08,7.49,2.58,27.55,5.74,0.0,60.83,47.41,17.33,0.44,,,,,,,,,,,,,,,,,,,,,,,,,,,,,,,,,,,,,,,,,,,,,,,,,,,,,,,,,,,,,,,,,,,,,,,,,,,,,,,,,,,,,,,,,,,
Morocco,504,IPUMS,07-01-14,4.58,7.2,26.18,37.94,28.68,16.25,0.2,83.19,25.77,16.37,61.57,67.09,70.78,32.98,22.64,14.52,9.96,16.47,11.03,17.95,11.82,1.29,2.09,1.7,2.39,2.61,7.2,6.23,50.99,7.28,6.81,0.48,25.23,2.4,0.67,64.5,43.5,15.22,0.38,,,,,,,,,,,,,,,,,,,,,,,,,,,,,,,,,,,,,,,,,,,,,,,,,,,,,,,,,,,,,,,,,,,,,,,,,,,,,,,,,,,,,,,,,,,
Nigeria,566,DHS,15/08/1990,5.39,11,23.27,24.65,41.08,14.23,0.84,81.77,25.2,16.75,74.34,78,79.79,29.21,19.89,20.35,13.32,21.3,13.96,21.84,14.43,2.54,3.39,3.01,3.73,2.15,11,5.86,34.6,6.86,4.92,1.94,38.59,3.07,0.02,47.32,23.83,11.71,3.01,,,,,,,,,,,,,,,,,,,,,,,,,,,,,,,,,,,,,,,,,,,,,,,,,,,,,,,,,,,,,,,,,,,,,,,,,,,,,,,,,,,,,,,,,,,
Nigeria,566,DHS,30/04/1999,5,11.3,24.42,27.71,36.56,16.91,0.98,85.28,20.07,13.3,73.05,77.33,80,23.34,16.03,15.89,10.44,17.23,11.37,17.88,11.83,2.23,3.03,2.74,3.4,2.07,11.3,5.86,39.03,8.56,6.34,2.22,32.14,2.59,0.52,53.45,22.73,8.71,2.65,,,,,,,,,,,,,,,,,,,,,,,,,,,,,,,,,,,,,,,,,,,,,,,,,,,,,,,,,,,,,,,,,,,,,,,,,,,,,,,,,,,,,,,,,,,
Nigeria,566,DHS,26/05/2003,4.98,11.67,26.14,25.31,36.89,16.53,1.07,85.82,20.33,12.84,70.65,75.28,78.56,24.77,16.49,16.22,10.62,17.5,11.42,18.24,11.85,2.16,3.05,2.67,3.38,2.12,11.67,6.24,34.2,7.08,5.54,1.54,37.56,3.2,0.05,47.52,24.95,12.09,2.81,,,,,,,,,,,,,,,,,,,,,,,,,,,,,,,,,,,,,,,,,,,,,,,,,,,,,,,,,,,,,,,,,,,,,,,,,,,,,,,,,,,,,,,,,,,
Nigeria,566,IPUMS,07-01-06,4.41,15.74,25.32,29.58,29.36,17.23,0.56,83.29,23.74,15.57,65.91,70.69,73.75,25.31,16.91,12.47,7.72,14.42,9.1,15.52,9.86,1.8,2.74,2.24,3.03,1.99,15.74,6.51,44.56,8.08,6.58,1.5,24.43,0.67,0.0,59.16,20.71,4.77,3.07,,,,,,,,,,,,,,,,,,,,,,,,,,,,,,,,,,,,,,,,,,,,,,,,,,,,,,,,,,,,,,,,,,,,,,,,,,,,,,,,,,,,,,,,,,,
Nigeria,566,IPUMS,07-01-07,4.55,15.17,24.77,28.46,31.61,15.86,0.78,82.7,22.18,14.43,67.88,71.89,74.56,24.34,16.27,13.02,8.26,14.62,9.31,15.36,9.77,1.98,2.92,2.4,3.22,1.97,15.17,6.25,42.6,8.18,6.11,2.07,26.33,0.92,0.55,57.03,19.63,5.04,2.96,,,,,,,,,,,,,,,,,,,,,,,,,,,,,,,,,,,,,,,,,,,,,,,,,,,,,,,,,,,,,,,,,,,,,,,,,,,,,,,,,,,,,,,,,,,
Nigeria,566,MICS,07-01-07,4.67,13.23,25.86,27.31,33.61,15.92,0.43,80.95,26.03,17.26,68.58,71.7,74.69,27.66,18.51,15.54,9.56,17.03,10.48,17.97,11.14,2.02,2.9,2.43,3.21,2.03,13.23,6.82,45.83,6.83,5.31,1.52,26.34,0.93,0.02,59.48,22.29,6.2,3.63,,,,,,,,,,,,,,,,,,,,,,,,,,,,,,,,,,,,,,,,,,,,,,,,,,,,,,,,,,,,,,,,,,,,,,,,,,,,,,,,,,,,,,,,,,,
Nigeria,566,IPUMS,07-01-08,4.79,13.86,22.04,28.68,35.43,14.85,0.42,84.05,23.18,15.09,68.57,73.38,75.92,24.6,16.35,12.24,7.55,14.43,8.93,15.52,9.67,2.04,2.98,2.52,3.32,2.09,13.86,5.51,48.17,7.67,5.97,1.7,23.86,0.79,0.14,61.35,22.78,4.51,2.59,,,,,,,,,,,,,,,,,,,,,,,,,,,,,,,,,,,,,,,,,,,,,,,,,,,,,,,,,,,,,,,,,,,,,,,,,,,,,,,,,,,,,,,,,,,
Nigeria,566,DHS,28/08/2008,4.43,17.79,26.23,25.55,30.43,19.3,1.77,83.64,21.24,14.25,65.53,69.86,72.91,24.39,16.8,14.2,9.16,15.58,10.12,16.31,10.62,1.97,2.99,2.35,3.21,1.89,17.79,5.98,34.19,8.39,6.39,2,31.1,2.5,0.04,48.57,19.9,8.85,3.15,,,,,,,,,,,,,,,,,,,,,,,,,,,,,,,,,,,,,,,,,,,,,,,,,,,,,,,,,,,,,,,,,,,,,,,,,,,,,,,,,,,,,,,,,,,
Nigeria,566,IPUMS,07-01-09,4.44,16.25,25.24,28.62,29.89,16.42,0.28,84.32,22.46,14.8,64.54,68.95,72,23.78,15.88,10.66,6.58,12.13,7.53,13.3,8.22,1.84,2.85,2.27,3.15,1.99,16.25,6.23,43.7,8.09,6.22,1.87,25.1,0.64,0.0,58.01,20.19,3.54,2.83,,,,,,,,,,,,,,,,,,,,,,,,,,,,,,,,,,,,,,,,,,,,,,,,,,,,,,,,,,,,,,,,,,,,,,,,,,,,,,,,,,,,,,,,,,,
Nigeria,566,IPUMS,07-01-10,4.39,14.27,26.53,29.76,29.45,15.43,0.31,82.61,24.11,16.02,63.96,68.65,72.06,25.99,17.61,11.65,7.41,13.37,8.46,14.5,9.13,1.7,2.65,2.14,2.96,2.05,14.27,7.48,49.51,8.54,6.76,1.78,18.9,0.73,0.57,65.53,23.99,3.46,2.61,,,,,,,,,,,,,,,,,,,,,,,,,,,,,,,,,,,,,,,,,,,,,,,,,,,,,,,,,,,,,,,,,,,,,,,,,,,,,,,,,,,,,,,,,,,
Nigeria,566,DHS,14/11/2010,5.2,10.54,22.34,27.62,39.5,15.28,1.02,83.63,21.94,15.09,76.11,79.36,81.32,25.02,17.35,16.66,11.19,17.71,11.99,18.25,12.36,2.48,3.25,2.91,3.57,2.09,10.54,4.91,38.4,6.8,5.06,1.74,37.59,1.75,0.03,50.1,23.59,11.71,3.09,,,,,,,,,,,,,,,,,,,,,,,,,,,,,,,,,,,,,,,,,,,,,,,,,,,,,,,,,,,,,,,,,,,,,,,,,,,,,,,,,,,,,,,,,,,
Nigeria,566,MICS,07-01-11,5.03,9.68,24.32,28.46,37.54,16.12,0.34,84.03,23,15.17,74.15,77.35,79.92,24.95,16.88,15.03,9.55,16.33,10.42,17.35,11.16,2.26,3.03,2.7,3.36,2.14,9.68,5.67,45.72,6.94,5.79,1.15,30.43,1.55,0.01,58.33,23.59,8.79,3.18,,,,,,,,,,,,,,,,,,,,,,,,,,,,,,,,,,,,,,,,,,,,,,,,,,,,,,,,,,,,,,,,,,,,,,,,,,,,,,,,,,,,,,,,,,,
Nigeria,566,DHS,24/04/2013,4.6,15.78,26.13,25.88,32.21,18.49,1.41,84.55,20.78,13.85,67.91,72.4,75.26,23.49,16.16,13.72,8.9,15.06,9.85,15.69,10.25,2.09,3.07,2.5,3.31,1.92,15.78,6.19,36.49,7.97,6.09,1.88,31.18,2.38,0.02,50.65,19.75,9.13,3.09,,,,,,,,,,,,,,,,,,,,,,,,,,,,,,,,,,,,,,,,,,,,,,,,,,,,,,,,,,,,,,,,,,,,,,,,,,,,,,,,,,,,,,,,,,,
Nigeria,566,DHS,31/10/2015,4.9,11.51,25.53,27.86,35.1,14.59,0.93,83.42,20.94,13.86,72.18,75.62,77.55,23.51,16.03,14.58,9.53,15.73,10.26,16.24,10.58,2.29,3.1,2.68,3.38,2.02,11.51,5.93,42.14,6.92,5.3,1.62,32.04,1.46,0.0,54.99,21.32,9.86,2.77,,,,,,,,,,,,,,,,,,,,,,,,,,,,,,,,,,,,,,,,,,,,,,,,,,,,,,,,,,,,,,,,,,,,,,,,,,,,,,,,,,,,,,,,,,,
Nigeria,566,MICS,07-01-16,5.37,10.72,22.02,26.4,40.87,14.96,0.33,83.04,23.79,15.97,74.29,77.58,79.52,26.6,18.42,16.17,10.5,17.55,11.51,18.19,11.97,2.53,3.37,3.01,3.74,2.15,10.72,5.07,43.89,6.45,5.16,1.29,32.82,1.05,0.0,55.4,24.44,9.38,2.75,,,,,,,,,,,,,,,,,,,,,,,,,,,,,,,,,,,,,,,,,,,,,,,,,,,,,,,,,,,,,,,,,,,,,,,,,,,,,,,,,,,,,,,,,,,
Nigeria,566,DHS,21/10/2018,4.66,14.74,25.83,27.67,31.77,18.02,0.79,85.31,20.73,13.87,69.78,73.64,76.09,23.5,16.26,13.58,8.91,14.92,9.83,15.58,10.26,2.13,3.06,2.55,3.35,1.93,14.74,5.8,40.34,9.3,6.91,2.4,28.19,1.63,0.0,55.45,19.78,7.91,2.87,,,,,,,,,,,,,,,,,,,,,,,,,,,,,,,,,,,,,,,,,,,,,,,,,,,,,,,,,,,,,,,,,,,,,,,,,,,,,,,,,,,,,,,,,,,
South Africa,710,DYB,07-01-96,..,..,..,..,..,37.85,2.04,82.92,19.25,13.29,..,..,..,..,..,..,..,..,..,..,..,..,..,..,..,..,..,..,..,..,..,..,..,..,..,..,..,..,..,,,,,,,,,,,,,,,,,,,,,,,,,,,,,,,,,,,,,,,,,,,,,,,,,,,,,,,,,,,,,,,,,,,,,,,,,,,,,,,,,,,,,,,,,,,
South Africa,710,IPUMS,07-01-96,4.06,16.23,32.02,27.05,24.7,37.85,2.61,82.95,19.27,13.35,56.96,61.03,63.72,23.11,16.6,13.17,9.43,14.1,10.1,14.59,10.44,1.4,2.39,1.81,2.78,2.02,16.23,9.82,23.88,12.44,10.54,1.9,29.52,5.23,2.88,46.14,29.77,15.64,4.41,,,,,,,,,,,,,,,,,,,,,,,,,,,,,,,,,,,,,,,,,,,,,,,,,,,,,,,,,,,,,,,,,,,,,,,,,,,,,,,,,,,,,,,,,,,
South Africa,710,DHS,14/05/1998,4.25,12.03,31.43,30.54,26,41.86,1.07,80.75,26.28,17.96,65.1,68.92,71.35,29.4,20.7,18.42,12.65,19.39,13.38,20.01,13.83,1.61,2.45,2.03,2.83,1.97,12.03,7.7,21.9,12.58,11.13,1.46,41.97,3.75,0.07,42.18,34.08,22.91,7.14,,,,,,,,,,,,,,,,,,,,,,,,,,,,,,,,,,,,,,,,,,,,,,,,,,,,,,,,,,,,,,,,,,,,,,,,,,,,,,,,,,,,,,,,,,,
South Africa,710,DYB,07-01-01,..,18.54,33.25,26.6,21.61,42.62,2,84.6,19.64,13.39,..,..,..,..,..,..,..,..,..,..,..,..,..,..,..,..,..,..,..,..,..,..,..,..,..,..,..,..,..,,,,,,,,,,,,,,,,,,,,,,,,,,,,,,,,,,,,,,,,,,,,,,,,,,,,,,,,,,,,,,,,,,,,,,,,,,,,,,,,,,,,,,,,,,,
South Africa,710,IPUMS,07-01-01,3.84,18.6,33.24,26.62,21.54,42.59,2.05,84.55,19.67,13.39,55.65,60.22,63.26,23.48,16.59,13.14,9.29,14.17,10.04,14.73,10.44,1.25,2.24,1.67,2.65,1.97,18.6,9.18,20.54,11.27,9.82,1.45,37.17,3.25,0.0,40.98,30.16,17.9,4.22,,,,,,,,,,,,,,,,,,,,,,,,,,,,,,,,,,,,,,,,,,,,,,,,,,,,,,,,,,,,,,,,,,,,,,,,,,,,,,,,,,,,,,,,,,,
South Africa,710,IPUMS,07-01-07,3.78,18.13,34.01,27.73,20.13,40.22,1.38,83.83,20.83,14.65,54.54,59.66,62.75,23.71,17.2,12.72,9.27,13.89,10.16,14.47,10.57,1.16,2.13,1.57,2.51,2,18.13,8.54,20.44,11.51,9.92,1.59,39.02,2.35,0.0,40.5,32.56,18.95,4.8,,,,,,,,,,,,,,,,,,,,,,,,,,,,,,,,,,,,,,,,,,,,,,,,,,,,,,,,,,,,,,,,,,,,,,,,,,,,,,,,,,,,,,,,,,,
South Africa,710,DYB,07-01-11,3.38,27.57,34.52,23.02,14.89,40.98,1.67,85.09,19.55,13.25,..,..,..,..,..,..,..,..,..,..,..,..,..,..,..,..,27.57,..,..,..,..,..,..,..,..,..,..,..,..,,,,,,,,,,,,,,,,,,,,,,,,,,,,,,,,,,,,,,,,,,,,,,,,,,,,,,,,,,,,,,,,,,,,,,,,,,,,,,,,,,,,,,,,,,,
South Africa,710,IPUMS,07-01-11,3.24,26.8,34.66,23.5,15.04,41.07,1.56,84.82,19.82,13.42,46.55,50.76,53.86,22.41,15.64,10.24,7.05,11.25,7.77,11.82,8.18,0.93,2,1.24,2.31,1.81,26.8,9.12,16.88,10.53,9.12,1.41,32.89,3.77,0.0,36.53,25.97,13.83,4.27,,,,,,,,,,,,,,,,,,,,,,,,,,,,,,,,,,,,,,,,,,,,,,,,,,,,,,,,,,,,,,,,,,,,,,,,,,,,,,,,,,,,,,,,,,,
South Africa,710,IPUMS,07-01-16,3.2,25.79,36.7,24.33,13.17,41.32,1.65,85.05,20.02,13.3,44.75,49.23,52.41,22.77,15.57,9.45,6.29,10.43,6.97,11.02,7.36,0.89,1.99,1.18,2.24,1.84,25.79,9.39,18.34,12,9.82,2.18,32.14,2.32,0.01,39.73,29.31,14.84,4.26,,,,,,,,,,,,,,,,,,,,,,,,,,,,,,,,,,,,,,,,,,,,,,,,,,,,,,,,,,,,,,,,,,,,,,,,,,,,,,,,,,,,,,,,,,,
South Africa,710,DHS,29/08/2016,3.36,23.84,36.32,24.66,15.17,42.58,0.94,81.37,24.62,16.99,48.78,52.47,55.35,25.74,18.06,12.53,8.67,13.46,9.26,14.25,9.89,1.02,2.05,1.32,2.34,1.79,23.84,8.7,15.6,11.56,10,1.56,37.6,2.7,0.00,35.86,28.42,18.14,5.36,,,,,,,,,,,,,,,,,,,,,,,,,,,,,,,,,,,,,,,,,,,,,,,,,,,,,,,,,,,,,,,,,,,,,,,,,,,,,,,,,,,,,,,,,,,
Sudan,729,MICS,07-01-00,5.95,1.74,17.74,28.44,52.08,..,..,..,..,..,81.65,84.91,87.68,22.38,14.7,14.97,9.53,16.39,10.42,17.4,11.08,2.68,3.21,3.3,3.68,2.48,..,..,..,..,..,..,..,..,..,..,..,..,..,,,,,,,,,,,,,,,,,,,,,,,,,,,,,,,,,,,,,,,,,,,,,,,,,,,,,,,,,,,,,,,,,,,,,,,,,,,,,,,,,,,,,,,,,,,
Sudan,729,IPUMS,07-01-08,5.59,5.06,20.66,26.8,47.48,26.89,1.53,86.13,18.79,12.34,76.6,81.57,84.29,25.01,17.29,15.72,10.6,17.39,11.7,18.27,12.28,2.38,3.11,2.97,3.52,2.42,5.06,4.63,41.19,12.8,11.42,1.38,30.76,5.56,0.0,58.63,31.89,11.28,1.65,,,,,,,,,,,,,,,,,,,,,,,,,,,,,,,,,,,,,,,,,,,,,,,,,,,,,,,,,,,,,,,,,,,,,,,,,,,,,,,,,,,,,,,,,,,
Sudan,729,MICS,07-01-10,5.72,1.57,20.15,29.11,49.16,17.53,0.48,86.1,21.41,13.26,81.4,85.01,87.53,27.91,18.67,18.2,11.91,19.86,12.85,20.83,13.45,2.61,3.19,3.13,3.57,2.37,1.57,5.07,53.17,10.61,9.86,0.75,29.05,0.51,0.02,68.85,35.85,15.36,1.65,,,,,,,,,,,,,,,,,,,,,,,,,,,,,,,,,,,,,,,,,,,,,,,,,,,,,,,,,,,,,,,,,,,,,,,,,,,,,,,,,,,,,,,,,,,
Sudan,729,MICS,07-01-14,5.89,1.59,18.31,27.85,52.25,14.21,0.24,83.6,24.18,16.02,80.01,83.45,86.1,31.34,22.22,19.68,13.42,21.55,14.69,22.83,15.52,2.65,3.31,3.2,3.71,2.42,1.59,5.27,58.54,7.72,6.9,0.82,26.55,0.29,0.03,71.54,37.28,14.59,1.33,,,,,,,,,,,,,,,,,,,,,,,,,,,,,,,,,,,,,,,,,,,,,,,,,,,,,,,,,,,,,,,,,,,,,,,,,,,,,,,,,,,,,,,,,,,
United Republic of Tanzania,834,IPUMS,07-01-88,5.05,12.1,25.69,24.35,37.85,31.37,2.81,83.67,18.32,12.77,72.1,75.58,78.34,24.33,17.7,17.25,12.38,18.16,13.05,18.6,13.37,2.29,3.14,2.84,3.59,1.99,12.1,5.46,21.86,10.83,9.01,1.82,38.5,11.01,0.23,38.15,..,..,..,,,,,,,,,,,,,,,,,,,,,,,,,,,,,,,,,,,,,,,,,,,,,,,,,,,,,,,,,,,,,,,,,,,,,,,,,,,,,,,,,,,,,,,,,,,
United Republic of Tanzania,834,DHS,01-04-92,5.31,8.98,23.17,26.99,40.86,18.57,0.85,84.96,20.97,13.69,77.29,80.43,82.5,26.44,17.9,18.6,12.44,19.87,13.3,20.53,13.66,2.45,3.14,3.01,3.63,2.08,8.98,5.5,33.31,6.11,4.74,1.36,42.66,3.41,0.05,44.91,24.83,18.7,4.53,,,,,,,,,,,,,,,,,,,,,,,,,,,,,,,,,,,,,,,,,,,,,,,,,,,,,,,,,,,,,,,,,,,,,,,,,,,,,,,,,,,,,,,,,,,
United Republic of Tanzania,834,DHS,09-07-96,4.9,8.93,26.2,27.97,36.89,21.77,0.68,84.85,21.69,14.3,75.99,79.23,81.27,26.11,18.12,17.56,11.72,18.76,12.49,19.26,12.86,2.27,2.97,2.73,3.35,1.95,8.93,6.99,35.3,7.66,6.37,1.29,38.16,2.91,0.05,49.95,22.82,17.24,5.04,,,,,,,,,,,,,,,,,,,,,,,,,,,,,,,,,,,,,,,,,,,,,,,,,,,,,,,,,,,,,,,,,,,,,,,,,,,,,,,,,,,,,,,,,,,
United Republic of Tanzania,834,DHS,13/10/1999,5.02,9.24,24.74,29.62,36.39,23.11,1.08,85.23,20.95,13.63,77.75,80.78,82.61,26.93,18.26,19.78,12.82,20.69,13.46,21.2,13.8,2.3,2.95,2.79,3.37,2.02,9.24,5.47,34.58,6.85,5.56,1.29,40.57,3.25,0.04,46.9,24.47,19.68,4.55,,,,,,,,,,,,,,,,,,,,,,,,,,,,,,,,,,,,,,,,,,,,,,,,,,,,,,,,,,,,,,,,,,,,,,,,,,,,,,,,,,,,,,,,,,,
United Republic of Tanzania,834,IPUMS,07-01-02,4.64,11.23,28.11,27.62,33.04,32.81,2.39,85.46,17.54,12.15,73.99,77.4,80,22.19,16.11,15.24,10.91,16.2,11.6,16.65,11.91,2.07,2.8,2.54,3.18,1.91,11.23,5.7,26.45,13.84,11.93,1.92,26.5,16.28,0.0,46,19.68,9.64,3.79,,,,,,,,,,,,,,,,,,,,,,,,,,,,,,,,,,,,,,,,,,,,,,,,,,,,,,,,,,,,,,,,,,,,,,,,,,,,,,,,,,,,,,,,,,,
United Republic of Tanzania,834,DHS,29/01/2004,4.99,8.28,25.83,29.01,36.88,23.21,0.78,86.2,19.03,12.87,79.99,82.48,84.5,23.61,17.02,17.06,11.91,17.81,12.43,18.22,12.79,2.3,2.87,2.79,3.29,2.01,8.28,5.31,31.23,7.68,6.19,1.5,39.68,7.79,0.02,44.22,22.89,18.18,5.27,,,,,,,,,,,,,,,,,,,,,,,,,,,,,,,,,,,,,,,,,,,,,,,,,,,,,,,,,,,,,,,,,,,,,,,,,,,,,,,,,,,,,,,,,,,
United Republic of Tanzania,834,DHS,12-11-04,4.87,8.83,26.76,29.94,34.47,24.46,0.75,85.52,19.22,13.64,77.48,80.43,82.32,23.49,17.38,15.86,11.33,16.83,12.11,17.27,12.43,2.23,2.88,2.7,3.27,1.95,8.83,6.34,37.7,8.47,7.48,1,32.95,5.69,0.01,52.51,21.93,16.15,4.61,,,,,,,,,,,,,,,,,,,,,,,,,,,,,,,,,,,,,,,,,,,,,,,,,,,,,,,,,,,,,,,,,,,,,,,,,,,,,,,,,,,,,,,,,,,
United Republic of Tanzania,834,DHS,15/12/2007,4.99,7.92,25.13,30.01,36.95,24.43,0.57,85.03,20.1,14.26,79.49,82.21,83.93,25.26,19.15,17.93,13.41,19.06,14.24,19.46,14.5,2.33,2.93,2.81,3.34,1.96,7.92,5.81,35.49,8.45,7.45,1,36.24,6.09,0.000,49.76,22.66,17.78,6.15,,,,,,,,,,,,,,,,,,,,,,,,,,,,,,,,,,,,,,,,,,,,,,,,,,,,,,,,,,,,,,,,,,,,,,,,,,,,,,,,,,,,,,,,,,,
United Republic of Tanzania,834,DHS,03-06-10,4.97,8.53,24.89,30.66,35.92,24.4,0.91,84.51,20.58,14.56,79.14,82.45,84.19,24.97,18.51,17.47,12.7,18.65,13.57,19.16,13.96,2.3,2.9,2.79,3.31,1.96,8.53,4.71,34.02,8.36,6.58,1.77,37.57,6.78,0.03,47.09,23.56,17.76,5.8,,,,,,,,,,,,,,,,,,,,,,,,,,,,,,,,,,,,,,,,,,,,,,,,,,,,,,,,,,,,,,,,,,,,,,,,,,,,,,,,,,,,,,,,,,,
United Republic of Tanzania,834,DHS,29/02/2012,5.12,8.43,23.52,29.2,38.85,24.26,0.48,85.44,19.76,14.06,79.08,81.58,83.32,24.79,18.55,17.84,12.94,18.86,13.78,19.36,14.1,2.4,3.03,2.88,3.46,2.02,8.43,5.15,34.81,7.8,6.68,1.11,38.24,5.58,0.0,47.76,24.99,19.88,5.16,,,,,,,,,,,,,,,,,,,,,,,,,,,,,,,,,,,,,,,,,,,,,,,,,,,,,,,,,,,,,,,,,,,,,,,,,,,,,,,,,,,,,,,,,,,
United Republic of Tanzania,834,IPUMS,07-01-12,4.74,10.99,27.19,27.71,34.12,31.73,1.78,86.69,16.82,11.53,74.24,77.55,80.04,20.49,14.76,13.77,9.69,14.7,10.34,15.15,10.67,2.11,2.84,2.59,3.24,1.98,10.99,5.35,27.57,11.7,9.87,1.83,29.92,14.47,0.0,44.62,20.83,13.35,4.61,,,,,,,,,,,,,,,,,,,,,,,,,,,,,,,,,,,,,,,,,,,,,,,,,,,,,,,,,,,,,,,,,,,,,,,,,,,,,,,,,,,,,,,,,,,
United Republic of Tanzania,834,DHS,17/11/2015,4.85,9.63,25.77,29.99,34.6,24.48,0.51,85.64,20.17,13.85,77.34,80.35,82.45,24.27,17.62,16.8,11.79,17.95,12.66,18.55,13.13,2.21,2.86,2.7,3.27,1.95,9.63,5.62,35.4,7.3,6.12,1.18,31.04,11,0.0,48.33,22.64,17.68,5.83,,,,,,,,,,,,,,,,,,,,,,,,,,,,,,,,,,,,,,,,,,,,,,,,,,,,,,,,,,,,,,,,,,,,,,,,,,,,,,,,,,,,,,,,,,,
